-- phpMyAdmin SQL Dump
-- version 5.2.1
-- https://www.phpmyadmin.net/
--
-- Host: 127.0.0.1
-- Generation Time: Apr 16, 2024 at 02:44 AM
-- Server version: 10.4.32-MariaDB
-- PHP Version: 8.2.12

SET SQL_MODE = "NO_AUTO_VALUE_ON_ZERO";
START TRANSACTION;
SET time_zone = "+00:00";


/*!40101 SET @OLD_CHARACTER_SET_CLIENT=@@CHARACTER_SET_CLIENT */;
/*!40101 SET @OLD_CHARACTER_SET_RESULTS=@@CHARACTER_SET_RESULTS */;
/*!40101 SET @OLD_COLLATION_CONNECTION=@@COLLATION_CONNECTION */;
/*!40101 SET NAMES utf8mb4 */;

--
-- Database: `icons`
--

-- --------------------------------------------------------

--
-- Table structure for table `tbl_account`
--

CREATE TABLE `tbl_account` (
  `id` int(11) NOT NULL,
  `email` varchar(255) NOT NULL,
  `isVerified` tinyint(1) NOT NULL DEFAULT 0,
  `username` varchar(255) NOT NULL,
  `recovery_email` varchar(255) NOT NULL,
  `password` varchar(255) NOT NULL,
  `timestamp` timestamp(6) NOT NULL DEFAULT current_timestamp(6) ON UPDATE current_timestamp(6),
  `role_fkid` int(11) NOT NULL,
  `status` varchar(50) NOT NULL DEFAULT 'allowed'
) ENGINE=InnoDB DEFAULT CHARSET=utf8mb4 COLLATE=utf8mb4_general_ci;

--
-- Dumping data for table `tbl_account`
--

INSERT INTO `tbl_account` (`id`, `email`, `isVerified`, `username`, `recovery_email`, `password`, `timestamp`, `role_fkid`, `status`) VALUES
(43, 'admin.administrator@gmail.com', 1, 'admin', 'admin.recover@gmail.com', '$2b$10$PC6M38GM6Q3xTkXVWBTvie6LVIJZ7sa5CcO2PP1.5Z1/yxXdcqW5m', '2024-04-16 00:42:37.618012', 1, 'allowed'),
(63, 'mock333@gmail.com', 0, 'mock333', 'mock3333@gmail.com', '$2b$10$6cPEh2MOVZ7kCJuf0dJL6eWHFmKBD7obAp7FPUXfcgZoorIccIKjS', '2024-04-04 02:07:56.696358', 2, 'allowed'),
(64, 'ritonan519@evimzo.com', 0, 'mockacc', 'ritonan519@evimzo.com', '$2b$10$EFOCXK/Fy4doJgmoXTWZ/e.5CPrbckHBj7DrCchLaU7DJyflvg4E2', '2024-04-04 06:25:35.684005', 2, 'allowed'),
(65, 'aacceex@gmail.com', 0, 'mock', 'acecraige002@gmail.com', '$2b$10$Yn8kiJUkHC3M6GCjak82kOncIvxT0WKUPF.RibmUhXlxd/gNARGMC', '2024-04-05 08:18:53.429006', 2, 'allowed'),
(66, '02.ocampo.edbert@gmail.com', 0, 'primo', '02.ocampo.edbert@gmail.com', '$2b$10$tetUFdGBGkJw4zyrC.HHEeXNsMPJsSniOvYIa7KO.mQ4aVTZtQmJe', '2024-04-08 02:55:40.688899', 2, 'allowed'),
(73, 'acecraige002@gmail.com', 0, 'decimo', 'acecraige002@gmail.com', '$2b$10$Vny2A4q2b5wDvN9lAz1yCOxR2uN0EoiNdB0hT/gWov8N0wuiep3ye', '2024-04-15 15:41:03.720676', 2, 'allowed');

-- --------------------------------------------------------

--
-- Table structure for table `tbl_comment`
--

CREATE TABLE `tbl_comment` (
  `id` int(11) NOT NULL,
  `comment` varchar(8000) NOT NULL,
  `timestamp` timestamp(6) NOT NULL DEFAULT current_timestamp(6) ON UPDATE current_timestamp(6),
  `image` longtext NOT NULL,
  `community_post_fkid` int(11) NOT NULL,
  `account_fkid` int(11) NOT NULL,
  `profile_fkid` int(11) DEFAULT NULL
) ENGINE=InnoDB DEFAULT CHARSET=utf8mb4 COLLATE=utf8mb4_general_ci;

--
-- Dumping data for table `tbl_comment`
--

INSERT INTO `tbl_comment` (`id`, `comment`, `timestamp`, `image`, `community_post_fkid`, `account_fkid`, `profile_fkid`) VALUES
(18, 'mock comment', '2024-04-04 05:07:36.077292', '', 26, 63, 31);

-- --------------------------------------------------------

--
-- Table structure for table `tbl_community_post`
--

CREATE TABLE `tbl_community_post` (
  `id` int(11) NOT NULL,
  `title` varchar(255) NOT NULL,
  `content` mediumtext CHARACTER SET utf8mb4 COLLATE utf8mb4_bin NOT NULL,
  `image` longtext DEFAULT NULL,
  `timestamp` timestamp(6) NOT NULL DEFAULT current_timestamp(6) ON UPDATE current_timestamp(6),
  `account_fkid` int(11) NOT NULL,
  `profile_fkid` int(11) DEFAULT NULL,
  `views` int(11) NOT NULL DEFAULT 0,
  `author` varchar(255) NOT NULL
) ENGINE=InnoDB DEFAULT CHARSET=utf8mb4 COLLATE=utf8mb4_general_ci;

--
-- Dumping data for table `tbl_community_post`
--

INSERT INTO `tbl_community_post` (`id`, `title`, `content`, `image`, `timestamp`, `account_fkid`, `profile_fkid`, `views`, `author`) VALUES
(26, 'Darkmode by jeawow', 'This is a content', '', '2024-04-03 03:57:57.299146', 43, 13, 0, ''),
(27, 'This is a new post', 'This is the content of the new post', '', '2024-04-03 04:40:18.449401', 43, 13, 0, ''),
(28, 'Test again', 'test again content', '', '2024-04-03 04:41:24.727897', 43, 13, 0, ''),
(29, 'New Post', '--new-content', '', '2024-04-03 06:09:07.142384', 43, 13, 0, ''),
(31, 'Welcome', 'This is a mock content', '', '2024-04-04 00:21:52.634933', 43, 13, 0, ''),
(32, 'Mock', 'Mock', '', '2024-04-04 00:23:14.060327', 43, 13, 0, ''),
(33, 'Mock', 'Mock', '', '2024-04-04 00:24:55.308415', 43, 13, 0, ''),
(34, 'Mock', 'Mock', '', '2024-04-04 00:27:05.141624', 43, 13, 0, ''),
(35, 'New Mock', 'New Mock', '', '2024-04-04 00:27:18.369117', 43, 13, 0, ''),
(36, 'Test Post', 'Lorem Ipsum', 'null', '2024-04-12 01:34:55.276551', 66, 34, 0, 'User#00010585');

-- --------------------------------------------------------

--
-- Table structure for table `tbl_conversation`
--

CREATE TABLE `tbl_conversation` (
  `id` int(11) NOT NULL,
  `message_content` varchar(8000) NOT NULL,
  `image` longtext NOT NULL,
  `timestamp` timestamp(6) NOT NULL DEFAULT current_timestamp(6) ON UPDATE current_timestamp(6),
  `message_fkid` int(11) NOT NULL,
  `sender` int(11) NOT NULL
) ENGINE=InnoDB DEFAULT CHARSET=utf8mb4 COLLATE=utf8mb4_general_ci;

-- --------------------------------------------------------

--
-- Table structure for table `tbl_engagement`
--

CREATE TABLE `tbl_engagement` (
  `id` int(11) NOT NULL,
  `is_liked` tinyint(1) NOT NULL,
  `is_disliked` tinyint(1) NOT NULL,
  `timestamp` timestamp(6) NOT NULL DEFAULT current_timestamp(6) ON UPDATE current_timestamp(6),
  `community_post_fkid` int(11) NOT NULL,
  `account_fkid` int(11) NOT NULL,
  `profile_fkid` int(11) DEFAULT NULL
) ENGINE=InnoDB DEFAULT CHARSET=utf8mb4 COLLATE=utf8mb4_general_ci;

-- --------------------------------------------------------

--
-- Table structure for table `tbl_gallery`
--

CREATE TABLE `tbl_gallery` (
  `id` int(11) NOT NULL,
  `timestamp` timestamp(6) NOT NULL DEFAULT current_timestamp(6) ON UPDATE current_timestamp(6),
  `image` longtext NOT NULL,
  `description` mediumtext NOT NULL,
  `account_fkid` int(11) NOT NULL
) ENGINE=InnoDB DEFAULT CHARSET=utf8mb4 COLLATE=utf8mb4_general_ci;

-- --------------------------------------------------------

--
-- Table structure for table `tbl_home_content`
--

CREATE TABLE `tbl_home_content` (
  `id` int(11) NOT NULL,
  `type` varchar(255) NOT NULL,
  `author` varchar(255) NOT NULL,
  `content` longtext CHARACTER SET utf8mb4 COLLATE utf8mb4_bin NOT NULL CHECK (json_valid(`content`)),
  `image` longtext DEFAULT NULL,
  `account_fkid` int(11) NOT NULL,
  `views` int(11) NOT NULL,
  `status` varchar(100) DEFAULT 'in feed',
  `created` datetime NOT NULL DEFAULT current_timestamp()
) ENGINE=InnoDB DEFAULT CHARSET=utf8mb4 COLLATE=utf8mb4_general_ci;

--
-- Dumping data for table `tbl_home_content`
--

INSERT INTO `tbl_home_content` (`id`, `type`, `author`, `content`, `image`, `account_fkid`, `views`, `status`, `created`) VALUES
(28, 'article', 'Center for Technopreneurship and Innovation', '{\"title\":\"Mock Article editable\",\"content\":\"In the ever-evolving realm of journalism, occasionally, there arises a need to delve into the uncharted territories of creativity and imagination. Today, we present to you a mock article, a product of such an endeavor. This piece is not grounded in reality but rather a flight of fancy, crafted solely for the purpose of entertainment and exploration.\"}', '', 43, 0, 'in feed', '2024-04-03 09:34:44'),
(29, 'article', 'Center for Technopreneurship and Innovation', '{\"title\":\"Mock Article 2 --edited\",\"content\":\"In the ever-evolving realm of journalism, occasionally, there arises a need to delve into the uncharted territories of creativity and imagination. Today, we present to you a mock article, a product of such an endeavor. This piece is not grounded in reality but rather a flight of fancy, crafted solely for the purpose of entertainment and exploration.\"}', '', 43, 0, 'in feed', '2024-04-03 09:35:25'),
(30, 'article', 'Center for Technopreneurship and Innovation', '{\"title\":\"Mock Article #3\",\"content\":\"This is mock article #3. Hope you like it.\"}', '', 43, 0, 'in feed', '2024-04-03 09:43:38'),
(31, 'article', 'Center for Technopreneurship and Innovation', '{\"title\":\"Mock Article --edited by jeao\",\"content\":\"Mock article content #4\"}', '', 43, 0, 'in feed', '2024-04-03 09:44:24'),
(32, 'article', 'Center for Technopreneurship and Innovation', '{\"title\":\"Mock Article #5\",\"content\":\"Mock article content #5.\"}', '', 43, 0, 'in feed', '2024-04-03 09:45:13'),
(33, 'article', 'Center for Technopreneurship and Innovation', '{\"title\":\"Mock Article #6\",\"content\":\"Mock content #6\"}', '', 43, 0, 'in feed', '2024-04-03 10:17:53'),
(34, 'article', 'Center for Technopreneurship and Innovation', '{\"title\":\"Mock Article #7\",\"content\":\"Mock article content #7 \"}', '', 43, 0, 'in feed', '2024-04-03 10:23:45'),
(35, 'article', 'Center for Technopreneurship and Innovation', '{\"title\":\"Mock Article #8\",\"content\":\"Mock content #8\"}', '', 43, 0, 'in feed', '2024-04-03 10:31:18'),
(36, 'article', 'Center for Technopreneurship and Innovation', '{\"title\":\"Mock Article #9\",\"content\":\"Mock content #9\"}', '', 43, 0, 'in feed', '2024-04-03 10:35:18'),
(37, 'article', 'Center for Technopreneurship and Innovation', '{\"title\":\"Mock Article #4\",\"content\":\"Mock content\"}', '', 43, 0, 'in feed', '2024-04-03 10:35:53'),
(38, 'article', 'Center for Technopreneurship and Innovation', '{\"title\":\"Hello jeao article\",\"content\":\"Mock content\"}', '', 43, 0, 'in feed', '2024-04-03 10:36:17'),
(39, 'article', 'Center for Technopreneurship and Innovation', '{\"title\":\"Hello arvin\",\"content\":\"Mock content\"}', '', 43, 0, 'in feed', '2024-04-03 10:37:24'),
(40, 'article', 'Center for Technopreneurship and Innovation', '{\"title\":\"Hi Florie\",\"content\":\"Hi florie\"}', '', 43, 0, 'in feed', '2024-04-03 10:41:56'),
(52, 'program', 'Center for Technopreneurship and Innovation', '{\"title\":\"Mocking Bird -\",\"content\":\"Mocking the data\"}', '', 43, 0, 'in feed', '2024-04-03 11:41:46'),
(53, 'program', 'Center for Technopreneurship and Innovation', '{\"title\":\"Mock\",\"content\":\"Mock\"}', '', 43, 0, 'in feed', '2024-04-03 11:45:59'),
(54, 'program', 'Center for Technopreneurship and Innovation', '{\"title\":\"Mock\",\"content\":\"Mock\"}', '', 43, 0, 'in feed', '2024-04-03 11:46:47'),
(55, 'program', 'Center for Technopreneurship and Innovation', '{\"title\":\"Mock\",\"content\":\"Hello\"}', '', 43, 0, 'in feed', '2024-04-03 11:50:00'),
(56, 'program', 'Center for Technopreneurship and Innovation', '{\"title\":\"Mock You Pomay\",\"content\":\"Hello\"}', '', 43, 0, 'in feed', '2024-04-03 11:50:17'),
(57, 'article', 'Clear', '{\"title\":\"New\",\"content\":\"Author\"}', '', 43, 0, 'in feed', '2024-04-03 11:52:19'),
(58, 'article', 'Center for Technopreneurship and Innovation', '{\"title\":\"Mock\",\"content\":\"Mock the data\"}', '', 43, 0, 'in feed', '2024-04-03 11:54:38'),
(59, 'article', 'Center for Technopreneurship and Innovation', '{\"title\":\"Hello\",\"content\":\"Testing\"}', '', 43, 0, 'in feed', '2024-04-03 12:31:30'),
(60, 'article', 'Center for Technopreneurship and Innovation', '{\"title\":\"Mock\",\"content\":\"Mock\"}', '', 43, 0, 'in feed', '2024-04-03 12:33:34'),
(61, 'program', 'Center for Technopreneurship and Innovation', '{\"title\":\"Mock\",\"content\":\"Mock\"}', '', 43, 0, 'in feed', '2024-04-03 12:34:05'),
(62, 'article', 'Center for Technopreneurship and Innovation', '{\"title\":\"new_pisot\",\"content\":\"post_is_new\"}', '', 43, 0, 'in feed', '2024-04-03 13:00:00');

-- --------------------------------------------------------

--
-- Table structure for table `tbl_log`
--

CREATE TABLE `tbl_log` (
  `id` int(11) NOT NULL,
  `page` varchar(255) NOT NULL,
  `times_clicked` varchar(255) NOT NULL,
  `duration` varchar(255) NOT NULL,
  `modification_made` int(11) NOT NULL,
  `keys_pressed` int(11) NOT NULL,
  `created` datetime NOT NULL DEFAULT current_timestamp()
) ENGINE=InnoDB DEFAULT CHARSET=utf8mb4 COLLATE=utf8mb4_general_ci;

-- --------------------------------------------------------

--
-- Table structure for table `tbl_login_session`
--

CREATE TABLE `tbl_login_session` (
  `id` int(11) NOT NULL,
  `login_time` datetime DEFAULT current_timestamp(),
  `account_fkid` int(11) DEFAULT NULL
) ENGINE=InnoDB DEFAULT CHARSET=utf8mb4 COLLATE=utf8mb4_general_ci;

-- --------------------------------------------------------

--
-- Table structure for table `tbl_message`
--

CREATE TABLE `tbl_message` (
  `id` int(11) NOT NULL,
  `room` varchar(255) NOT NULL,
  `timestamp` timestamp(6) NOT NULL DEFAULT current_timestamp(6) ON UPDATE current_timestamp(6),
  `account_fkid_1` int(11) NOT NULL,
  `account_fkid_2` int(11) NOT NULL,
  `profile_fkid_1` int(11) DEFAULT NULL,
  `profile_fkid_2` int(11) DEFAULT NULL
) ENGINE=InnoDB DEFAULT CHARSET=utf8mb4 COLLATE=utf8mb4_general_ci;

-- --------------------------------------------------------

--
-- Table structure for table `tbl_profile`
--

CREATE TABLE `tbl_profile` (
  `id` int(11) NOT NULL,
  `name` varchar(255) NOT NULL,
  `location` varchar(255) NOT NULL,
  `photo` longtext NOT NULL,
  `timestamp` timestamp(6) NOT NULL DEFAULT current_timestamp(6) ON UPDATE current_timestamp(6),
  `account_fkid` int(11) NOT NULL,
  `bio` varchar(10000) NOT NULL
) ENGINE=InnoDB DEFAULT CHARSET=utf8mb4 COLLATE=utf8mb4_general_ci;

--
-- Dumping data for table `tbl_profile`
--

INSERT INTO `tbl_profile` (`id`, `name`, `location`, `photo`, `timestamp`, `account_fkid`, `bio`) VALUES
(13, 'Center for Technopreneurship and Innovation', '', '', '2024-04-02 08:13:31.234346', 43, '');
INSERT INTO `tbl_profile` (`id`, `name`, `location`, `photo`, `timestamp`, `account_fkid`, `bio`) VALUES
(31, 'Mock ', '', 'data:image/jpeg;base64,/9j/4AAQSkZJRgABAQEA2ADYAAD/7QA4UGhvdG9zaG9wIDMuMAA4QklNBAQAAAAAAAA4QklNBCUAAAAAABDUHYzZjwCyBOmACZjs+EJ+/9sAQwAGBAUGBQQGBgUGBwcGCAoQCgoJCQoUDg8MEBcUGBgXFBYWGh0lHxobIxwWFiAsICMmJykqKRkfLTAtKDAlKCko/9sAQwEHBwcKCAoTCgoTKBoWGigoKCgoKCgoKCgoKCgoKCgoKCgoKCgoKCgoKCgoKCgoKCgoKCgoKCgoKCgoKCgoKCgo/8IAEQgCMwI0AwEiAAIRAQMRAf/EABsAAAEFAQEAAAAAAAAAAAAAAAABAgMEBQYH/8QAGQEBAQEBAQEAAAAAAAAAAAAAAAECAwQF/9oADAMBAAIQAxAAAAHuQMQVFpFCFRQFRQBQAoq43JLqZSySkkNQnr7u1GFuKSiKgAAAAACAqAgICiAogORAUQFGqKAFO4HLwdfUrGSNtWXwqdL0XnGsnalW1YACCkCKgClIOCAFEFQUCBUUBQArVNxdKjK2Yas1CfqTE6FVyEBQAEAAAAAQBAQAEVAUQFABAAAABRFFEBUAM3RU5Kz0XPUEUpb63h5bPRjF2kEUAARUWgAgVFAAUAFRwBmj+EakrZSkq6mhowAkACgAIoCACKgAAgIIAAgoAAAACoAIQoi0ACoAoiDhAUQMvJ6qpWQsEyO63kH16OuNsgIqIKUgBCoQqCgqLQpSIuEEmiRaozrZXyioQIqAKgACCoCKgAiAIKgACAAAAqIoCAogKICiAogKIoCKKgACCghDz3TxVhrDMj+14eY9EWpasFCkFCECBUAciVF5/azJVlbXV/Xo+AVJQAEVBUFEABABBEAQAQUAEARUABBUAURQEAAFEQcNBw0HDUHK1B6MaSpGhKQgmFu1qokE6Xe6816CuuEEUCoFCAFo5PZ4RUkSvK3sYrcAEoKCCoCKAiggAgAgCIKggIKgQCFAIAIKIg4ag4aCiIOGKKNQcsYOREHoxB6MQcNBUQFEUo1tfIsAS3u9Xzz0JACyIRQa/llxK6pLHsZ/UQqosoAAAgoIKgIoIAICAioggCAAgAggIIKiAo1QEBURBUEFVoKNQURBUAEAEAAAEBUEHIimLJcz6f13JPs9NHllVUcU/P8AXypSs/bl03oSqqAoAAAgAACKgIoIAIhWSwc7kancR+cUT06r5qV6HFwzTul4BK9Dm84fHpk3lc8enp5/pnWGToZsqKgAQIqUAgAAIAAIAAIAIKIDsjWiM9jJK0TLNPTqV3jkx5Eryv66ldyAFFQAUAEAAAQAATP5Czted4mLU2MyEscMKeMUcMBysBysUtV3RDhoOGhJZoSnTdF5zbj0heH6fF0EVJQABAAQABFQBFQAAAHIgZbdDMpwpp6FwHR85JIyLel0FasooAAKIogAAAi45o8bz2fvNms1NRTT2I5ROravLHVPOROppWYh0PRV5830XnzmTpnHLnV2TkLfX3K4673lnLhsP0mLN8pT03nrOUmZFXW9L5hrZd8UruKgAICiKCAgAAAAAAguRr0iuIbWYmyxF1eFu5ACqAIoACDkAVDlx/AMi6YVq9dWF225Pz1GVuas2amLf6TTiYtUVnBdRtextmraEWaQgletLX0mnLW72JJ2acbvwsfQZ/PWNyPbtl8pXsuP3L3bec3o9HKV3nUFQARRFQAARUFQBUAGvQxR5s+KSaOilauaoAqKAAAABRM7zeap0wKnoCu6hW4q5VPG3HQOj3lNLO0CwVoyeSnaNXOlZVp0mcTlBpp3ObsnYyUdHTMy9atLgUN7Okf13n8snomNF0MuDzvVV+evKTp+W3NfufMumy65EXFQBUAAAQAAAUQABpEaVbNLaNFQzVAgApQAAE806rzbWUQt7m96FDBjU/O1W7zEySDUa1Sn3K0kSwuYLcpXCafP0dL2XoZBmx1p4k2W6Reu1n7lRj4JUo6FZcqHTMszfq15O6y8nqk5vz/0nJ5b84mY3c9C0uI7TnXASoACAAAAAikIx+QkA0sn6/lerulEWUUSFApQAa/COGyFb0weh8Z61LHx01DUtKjNRK80REsbiy18hXIwmv09esy+6nbfwnVJE27Uot7G2tLIyKxGo2VlS5LGdLoTFWexNXL66YmZ2mFu52LwnMeneaSu9B876Y61EOegEAABAABRFKuLPFzy8lOq30uDvNChKoEAFKAL516D5BrNZqrud3uv5HNpvYdM6TEaJGREc0Uw/QybhbWlHWtcxbJpc5folXZzbR09nkZjWsZcNaFLYxCTRZrEE2VZNBaxZdSqD8DoKi0uk4PrMyjw3onK8tcToZ9zTv7Gbpc6IEoAIAAILBPiyU7MFvnlRTtb+/jbLQqErgIAWgAy/KfQfP8AeY9bJ6uuq5XosOyvWv09SdauwUpp4CojbZSswsJIJYySyx8slUisc+vIRyVJC6yvOXruPMbmzy+1V7M6Bupjw6uKTvymLuJhSD44K2Xf8/02Lh5S+eFe90eY3MLYGdIACKgIoQ89qZWM2LEFnMCwdbd2MjXulAlURYAWhUacDyuhn9MR+hee+lrp8j1fnptQsfvNfSovJW188vogCNtDb013Frutulz6G9HXKu30sypNNIyYdavVCK9WpNHPt2dBqcVPp6BDnZNkNXetS8PD1/OxS0uf15O+pYjJeeye55LNs9Hx3YJqrVtc9oAIAAQSY0MVnnJJ4rVlskOqPex9lsAzRQoBQx9jhLOXrWq3TLJ2IDZIybf5zqKlz9BbI60rypI5R+mujitmkfLG97yJJ1lrNuBQj0IzNg0oKzaupXsyHWIdSeWpa00Mkemp0mB0NYvFavJZRzwz5rp6kkdRiSIVekx7pq6uRcytoqZ0AgZepz0le1DaxmS5X0KeBtDvc30920FlBQRQK/l/T8rvMDUdrLYZYle1d0msQV9S7NkuNOKB429DqZtq02TNc9kkK4FUqVOXTZfjSc+mpHSs9ObK92t151KsPKWdRnatTUy79WHUkZG01ex8762rPmfsvkMVbUE2a0VCbQy9YHMSXex7b03xrudQBYef1srGS5WsyWdCpYsrlA6a0dbC07vXVHZAAVbXJ2cpXavTMD43kbHsJdzA2LK0GlFRJBZCaC6upoQ3cV7ZaMcX13nHU2dpBNmcO0Fhlj5/tdajmztY7jZawyT63zeI5nqeW6c+3e56Y8FylqNnV1Rb2D0FdD5n3XnZWkidizI15Jo0LcDYkLu3zvUpJbydbGgEyyKdiLEW3BbS2S1rMMtHTUurkWta6h0dTF0TA1C55x6L5VqUEa7eWK5gxqoKqdBTLMr7KjZAbPXll6G7naGLNXsqeTdNqaVXMjZyfL6JHh4vWstZZdArSZ1I9H/U+dk4HWQdeVevZqpnVbNHcvwMtVQvxxV1fnHqHG5vNGk2Kcl2SMufQ2V5I6JiYvX4+7FTUhmh4GbjxWoecnsxX0M7Rx7HE511SsVLVulw+/ztZ3T83pnpvlXqHlkRPifqNY5g1rkLPQ41vUtQzBRsXkKsrrS3NHF1cW/JDNk5yOIs3Uo8+tWWB3g9d2ehbzu5LCqQSMX6fhiqWKu8Q1ZqjNOpYz9yZ9aembuL3Wa+R5y00coxVVWjkGipDUbgWb8vN7Zv81qaJxaytxmK7WtSNxNnE1LRXOumyS1Vn5jp4643r12Y1fLPQ+DM6SOXUjY5oiAaOji7uo6Ft0htyy1VmhtLW08XRw2p6FvFnkilEbIGXT3o+XXGm0H51Tszr0wkMlbpiGpJRsWrLUSvC5NSzXc6rvYcL3fPTgMaAAAhEc2o4JmFDh/QuQ1nK73muqibq+U6teGR1fGZZ4Jc5rZN+hvQB01tYnTc9Imllz1vSZjY2OK3c446aOfcqo5ojVQWSKat+7G+yepJDU1eOwUtRs0ty7nS4utNn3IndGo8akrxqCxEFPrpUSnnyVNy26nNZSra9AmSO8Q9/wCfeg89PQMaAAABj2RUi0IyOjJwms9vd887xbHW8l1hwlSxT55uyQ2GcurNW6baONOhprajn5Y3Vbmpa8tZbTpOYyPQcnThWWquoiKgbOX0VSojLLWJq0iWxVSr82bOX4UgXV1OR28Npar82dayliOKImgZGFWXOsq1podx8kEResU7YlvUpUdNznR8tPQXGkAAAWORkIx7Shwno1TU4TuS4L1XMdOee0tWHGUkipkML5+mr5tlV4ep49KeX1nMBp5c69AMnzWK9pyPK+m8HvOYk0NmxdWHUS1nBbdFGV1e2rqZ7jQt0HmpFUuRr2caXN2FoEtxlSNLVJlOo66GpHLDMVL1ilVivHaNfXyLlV+hydblp6KnPQAAAAqIikrR4MVQj6Lnd6zi4WxotCWC1OlzOtLxMaO5TrIZOZoppHISWalaW7yuzLpMlilrtESDN6PH1MWncg6ZqrNHYsULyF9lxWtNeNjneUNe3JEDYIjVrT5xK2RqMuZ9ReizH6Zmvju2srRWDUnoz0rLFszeio3uOnCGNKIoACoAqCiKIAER72Du2cHVdFUUrdg0eignpxiFm8qLHMwdbw5d5TsM0w5q0tdJPze9LHHJHI/ntDG6RlaKvqSMtzpWlkWmD0GslaP0mPgzI7ZTuZO+V4KchI6g81L2Vasp3tPLXQxdJFpyVbRNMxS1LQs1a2sXZ5aeIc9AAK0HDSHCFKAKgRHdx8XUije8m6+nu0lKzyaVDVLerAkXP0FOIvPhMjL7HAqjPVcdAmRrRi4url9MxW5ymtcgxVRBFSm2ItSJMS5nKW61pMrbx7pHX2cUHtkq0VtQnvYPRpkzT0moE0oRbSWKzG6kA7e5vpOWnCHPSggjVnRkV8SkqE04RQpMxtBgiL0MPVUouWlPLg7ImELbCosyKii8T2sVvNmfdjIyu0wqyLNVpYryyakMc8WpGj2A1yIiOKsXm15c6J7LH387TMeeKWNBtTXOdfZp067Scbr2MTQZPVtr3KNxZLCsqaavKLdo3eOngc9CCDbNawk41bmq1jc7lzK1WwYrqbtP6eh6VUZy09pb+kAgpZZAkABQKp8j3eZLjWsi6UMDuqFchM1lk8bZ9KyPbY0c0VzJzSx9znyNB1kOrkbJmtsVh9yoRs830dCs5HtNDQxdpFdm6xHXtUGugkoWtLDVeR3aVzjp4HPQggRvbI0bm1czI20rS0R7tvZRqrXpecfRJesEBBBRCrShIACiKKItZPOdxmLjXMe3F/iOw168yZt5FOdWXUkjnRIJ4itvA14TIYqWJuZuvLl0bFclQVLOniaxireqEOrmWrLlW0g6CS4t61Hc1ack0YlqvZ46cBz0iJnl/OossexqCknQmZ1FqRBFoEvPsq0nYqoIICBCCmlsCRUFEAFVFARaocn3ldeXfUljp8WrsVwNb1nkbORfLFTpKi1Y0cyVLUQVYqRURrhwqioyzXQ1crVz1gVGGvdyta5JK1q1Xz2FhbahKmpiR8tbdHMXNexracR6UUNXodZKF8RFbDkS2MOvrVT6tSEQBAQEVAENLoEgACgCoCoAqtcN5fqVriLO1zMupuc086PktfZs8sreu4Fefxb2RTJYULKVEstMimBQFgsJUlirLFNthag2cxTSlyQ2I6D5Z2xpEgxksqW9mOb1OvvRj6r0BFoyXM2pjVeyb3VLSvqkDXNAEBrkBEEUaaXVRQAAAFEFEURyAKgKgHOZPdRHJzOzZd7V5t6dXTxtEyMH0aWvIKXslOvKDv8ALOVXaqVnpeCk60hVW08qPtPKjrbYrr1uscNa7i5LyO3phFM0kVIaJqUMygaOfS3FxOm0VQQBEEAEVBUhEVEEAAKuAUACgAACgCAKAKgAoA0F8w6QCWMITXCzZQKEAcwBGhK2MEWQFf5yCcn14ZehgaAAigHPAQvCXmroV3CBABY0AQARAVAIRAsAIaAv/8QAMBAAAgICAQMDAwMEAwEBAQAAAQIAAwQREgUQIRMwMSAiMhRAQRUjNFAkM0IGJTX/2gAIAQEAAQUC9/IyK8dcvOe+aLQDtdelUrTKy5j9Npqn8fu7saq+WYl1ES9Se6MUmJmRHDj9zmdRVIzM7AdrLEqVP1GXMXp1VP8Aob6K7xZj348rsWztvtjZZU1XB/a17tjrWmdntdAN9ze1j43TQD8f6TJw67oxsoYee9NxrmPkBx+0yL0x0y8l8hwO1li1LVjXZkopShP9Myh1uxHolbiwdq3apsTKDr+yy8lcZbrXusAgEtu02J0/i3+qysQWRH+7sjGtsLJDqPP7DNyhjLY7WsIBOT5NmHi14y/6zIoW9dtU/ZGKNh5IsX3s3KGMju1jz8QiWZz01JSn+uurW5CGofsjtW+JkC2v3MrIXGrtsa2yeEWip891VUX/AGFta2oQ1Fnam1qXx7Vtr9q61aa8i9r7Z4UUUtnWKAq/6/fe6tbkHJH7YeQaLFYMPYJAGflHItEEqrOdaqhF/wBfub7bm5fWLURiexnS8nifY6rlbME02XdXWtSf6/f15NfKI3IGD56ff69P1Z+T6FXz2uLO2LQuNV/uL19N+2JcaLth1+h2CJkWtdbLbPSTp2L6Kf7kgMNem/bo+RsfR1bI2w8zYnT6jfb/ALvJr5orchKnNdmOy5FPbKu9Cg+Z/DIci9VCL+2LAQ31iHNoEPUaJ/UqZ/U6Z/UqIOoUGDMpMFyGch+8uX07YZRlNUnbqd/q3iW2eknTsf0KP2dl1dYt6pSst6u5j597RrrG78xDx13aBiIt9iyvqFqyvqkqzq3iurfuLU9REO/ozbvQx4fMxE/VZn7G2+usZHV0Eu6hfZGdm9tRoE/TuVXOso6iQashHH7a8cLe/U7vUyBMhuFWJT+no9/Iy6qBl9VdpZY9h9wGM3j6gZuJdxlGe6SjKS0ftLl51p8TIs9Gjthr6+b71li1jN6oWjlmh9oeYQR9SqxiYl7wdOyDE6U8/pI1bgXJGVl7biWFDiZ8Rw4/Z2DhbOsWRZe/p1YVPoY3u5uamOuVk2ZDb74uFZkH+jWT+jWT+jWT+jWT+jNH6bWkOIm68Fd0Y6LMqlOA6eZ/T4OnQdNEXp4EWh0lWTZXK8tLJ6auHRl7WUV2TN6eTLK2QwGYuU1ZouWwfssofaJlWercPARPWz/d6l1BaRY7WN2xMOzJmJ0uuqBAo+JdlgQXuYLHlju09MTUQRftVTyM1NTUAnGWVAixCkx8gqarRYHxwYyFe11KWjM6e1cPgzHvao42QLV/YsNgT5PgTpKH0fc6pnioMxYwAk4HSi0qrWpZfetQuyXsIiQdjFlaTJbxWvgCDjPHYCARllqyxNSu9q5j5wM2tq245XvnYIYMpUzHuNTY9wsT9jkDVqzJ36Naemnt9TzRQjsWMVSzdM6cKl7ZGUFjksTBEm4WhMScuFS+Su9M8FkLz1NSuzzX90IjCWJLEh2Jj5T1zGzQ8tpWwEFTOo4fMEEGYeR6T1vzH7AgQSpefUPbzLxRVkWm6zt0jA9NYSBMrK39A+R2J7V/OUfFYmvFnzynLyXlLndDRjCY4jrLEhERiswsuMq3C2o1mdUxNd+m5EB2PfZwCg5N0v7z7ROh1XKN93bo2H6ryyxaxfkGzueyfMPej5vO7kEPxdGbzzifcaUlI1Nxjo7jCOIyzhF2pxMnUR1sW+nhGAZc/H9GyI3FsS4WV+87cQzbO+NfTk9PC9rrOT6VB7YlJyLqKhVXlXipXYuex7p9NHyx3dXN+LmhOzXWWNdWpUsE3H+ezTW5wnpRqysxbyCjCxbk4PmUC+l14sJ023jaPI92+zbATI/xQND2WPFeo3etkduh4vp1X2CtGc2N2MPcnQ3CYDNyn5H/AGI+iz+Mh5UORr0IkTsTD2aExYIkK7FycDhXbly+pXOrY+miHRxbPUr9y9+KLAJrdvtdXv8ASxj2wKfXyUHBeoZHOys9j2bsPnhyno+CpB4sYlLkrjqqpiiXA1FrfCI1z04yAW4ulqbRSbhabmjODGejBSsWlYqedS9NitvStx35JlJxe9eVLjTidKtn8e3kvyYfEo85/tdcu55Hb/5/H0nUL/SqPkodHsYY0qlb/cp8cRPCxTuFvLvxW+wuRV5o0gqsr19hluP5VG4uxWNfFuiW6nqxTvv/ABLBMqudPyOLXLzrnU8cpdMR+F9Lcl9q9+KfLCGY3EdT9mxuKZDc7pr7sRf0+JlWG63sp2pm5uEGU/B8XQvqc5W/GVNLTuaCys+eUDxbZ6vgZB3VYtqNjFbaxqIiWLejU2VN43OU5zlNxxsXDg+Df6tWSum6um6ZikC+r7X9rKs2yfI/I/OGP/0fZ6m/DE7dLUPl9SfhTqEQypvtPmCsmcQstJlKFZb87jfCzcrfjC8dpUftJnqCB5zg+a7CsFxgbzjN5yB6gqOoWhsivOfgPOUzPx6ZbxvuHKvKTnjt+QmO4Yeza3FPmVxYBuYg/wCf7PXn1Se3/wA9XvI6rBDHEq3zAA7NG+d+H8xT4belTcFcKGaMaVfD/CicYDF7K0R/FTaKlXhRDLMUEXVPXPU1PW3PWgtmQ/2YH/aIw+7LXheJ0990Utv2cswRfhfwRfGIP+d7PXLOeS3b/wCeXWPm1+pQvYiV+LNwvOUs8hTsFu3HcSuBZxhSWVagXTa2VrnCMk4ePMZm2rmVXyrI2a7dxDuXAMlmL9zY5EethFJEsfYwViNuXf8AZ1asrkL8dPfjep4v7F1m212/86mL/n+wx4rkv6l79ui6TAszccSzJAtqcOGjJxAPIXb0CQRPiL5ipK0gWcZqcYVjUgwVAThOMKwrCsIIixVBBPApl8Ti3hhlZhd8Z/VXjLahMlQs9VeWPkoCOpoI/UeTWombRdV6VgJVj9y0NyX6rTxrH5D5Hzr75h//AND2Oq2+li/Mb5gscL2qsKMj8o/kDaEHkGXUH2zwZXXK0irAJrtqanGcYVnGERhCsdYdiKXaOoSDHJXHuAW0btxNrG/6XsGuoX8mnLQVojbfBs4Pcedmpgtzxq24P9Wa2gsriflWPvgHDrnsdbu52n4Amu5lY29dfAQrsFCs/ICKn31pFXvrtqampqahEIhEYRhHWBuM9TylrE5DgW1Ou6SJV5XqtjY7QzX2iJ4bf2r8ETCPC2weaH5L9OS3KwRPiqVwxAw6mPrvs9Kq1vUss+F+DP5iqXaihaQxg7bhE/msea1g+sdtQiEQiGNGEtWKuoreLK+TaKyi0g4tm165j+tjz+R+MPiI/ID4g8FjsV86M76LTpD5MHhU+E/Bm85DFcRvy+rrGRsyz57CGYlfp1lo1wnMmBiICDPERJUsUdtwd3tCz1CYC0Baeowi2bhjTPu9GqvMsWzYZXhhfU5mf3DF2J09ofvqvXjaiM7j4Ef4o77lbf2rBsL8d8tvAg8man8XPqwL6lOE/qYn05Nvo02vzef+zD8CJ5d31GsinyNQQ+JT5iLEHZzxW7OtNmBf69UtfQ+SBBAPHGFIh8Gda/OYnnGcSztuDcMwTqVtM/8Ayt6K/AjfGOOxM3A2lcTHba98o7cRPlfyA8vLNl/W9FunfYn09dt0vYfkYYJvUrcWLwWGkGBCOzTGEQRe2Z/jzobfdLTtlHZIDF+HifJnWlPKYy8cdxLBANwCN9sQFjQOKi0Vpc/qWtFghmN8tD2t2jfklZ4W98j/ALf4QeKR9wEtP21DahRvEb/l/T1p+WXC2osMaCGV8uSLZpFmQNBDsMmxR4lcXtcvKqxeL9EUbPw35pDoQMJyERgIzblQhmVQLkq6aFfWo0snxET7XSc2ExcjzfUuVRanpu0SDt5DeoZzE2WgmKeWI48oeS9rf+3UHxWvgTKOlrXSIftQ8X3LMlK5/Ua91XLYNzPPLLKwKB2MaCGYlXBIPh/vm1ENglTAtVFgmpk9NW58THWis/Dfmh1HHKekIKYKp6Ur8RoYYY8tmzBuJMmzguFRyKV8auo41jZP6PIn6HIn6LIn6HIgwcjbYzmNhWz9BdP6ffMKh6qXpYymqxU7WD+5rz/C/BmZB8VzReu3I/4+RYzmdNtsrbf2ZB/v9zD2x15W8pyl1n2LyaCmNjBpXWa5WYsXsOxln5QGCCCEeB+caNDHlnblFcy4llwELBUmhNTU1NTU19GxNiKSpWqvOrsRq3ZfOw0H5CGWnle58jw6ua3vHppfNTELG4f9OR/3z+IYe2H+THbcABwSDjo8YBKjzCeGrMX6DLl7AwGKYpjv4SGGNGMaWQmLX50s8McdOFftEy/qCq2PnJYwMxrPSyOsVDZgXS0+TG+K/N7HzZ873LBzW8EGdLx9TmNZfjJn8dj2xPyRfuJnKBGMVJZ9goGox1ZUYpgg7kSyueZuK0BJir2JjGMYxh+HgqnpoY1HnHoqEHx7D7C1FiucxGNDKGLUn8Orf4stP21fjLjpKfiZK6ZPhNsrVpcExawa1nGdQXjlT+Ox7UPwsLAjySqBYsJAH5N8Cw/fUYrQGD6NQoDPSEFYE1rsYxjGM4h8x/ELanKKZuUn+8PZZgsDBpYoZbsOxWow2YoPB/Dq3+L/ADZ5K+AZkn7f/G5kL9v4tsq1AX1RWs0om1nW0/uT+Ox7GJYyzGH2TfEctnegz2GDlyrMRopgMH1H4m4TGMyHh1BD5l41FMHwTKPNw9m4bKj+4Za6JK2Vp/H/AJ6r/iQ/kO2R5PZhuWrqfIDarJM5TlM5PUp1B8fTSnOz4CfN+y2go3sqwg1BqAQHURop+nc5QmEwtHaWNOW5uAxtMHogMrr5yhPTyh8e1k2enSxLsjtU1bck/wDHVf8AEs8RDsp8y07Y9g3JclYPlG9OyscZxnGcZk4cCxvDfRhrpDEP3ZAPBXawhYOM8QanGc2U12RGm5ubm5uEwmEwmOY3iERT3SXUcZincyK9Xj28mv1KrFNbVo1zVLxU/h1b/Eu/FQRKj5tbivbHxHtro2jFeS2fPyob7fmampqZmKHl68X71rzf4HyB83P/AG6l4gnzvUBimc+MYs4rcqarIGE3NzcLQtOU3Glrze58TW5plKtEmOVKnGNVmS+rB8e0Y9atFrCxVjfj1b/EPwyeKxqWtyYyis2Wc7FnV6/TyJlJ5X5UlHxSFbX0dWo+jDTSsYr6Mfy3xHY7VSYPE56imK2oyBgn2lDBqaE0JoQgdntAllpM3vsBscgGrXlHCrKwS1KGAePS/uD29TXd/wAerH/iSx+Id9oYJiIa6qU9KvIpGRj4rHTVq63IQR9y17aU2C6rsZanqJfjmtyvateNRhiuVnOEkwnUFwjWFog7B9Cu7lPVWLcBBfyPqanriG8T1txzzDUtqCMNSpvuuxlsXH5LLfUa2qI0Fs5Awe+/4dX/AMQvHcGMdz5OLT6lmMvJu3Va/RyVMza9r+LNKreL9j2Kq0fCpYWdOpVX+DCIF7M2odsQkAghmolZ5V47T0VWV6DXfhvxzheC4RLIVW1XQ1sumgq82WenXV816hpqeNiiDFeelaGHvv8Aj1b/ABWI7GKJRT4+B2vqXIpxyyssyKfTdDFPE4tnmGGCD4zLI3dmAjOTFSa7agmoF3KqwsewLHv3EJ5Mdqg5TQEZQ09AQl6jTbueLVKlG5gJ+ZWKYGgeI0LfaPff8Or/AOIQNsYBMWvjKKxUktsYv26xQRK25i6sXVuCGB3FmPd6qtG7M/FHOyxjNOW4EJgTUH0fyPuNaallgWHblyBCNIj7jHRNuotm4rbnAWq1Zqatow9RLD5SCDxFafwh8Awe+/49cyAqmalCBji1a7ZVmhbeefY+QUOFlzLp5iCIWDpYttZ7ZLR2ljwKWKpqa+k9qU0LH4hm5t8L83fK/DbjeYng61KrIVFqFNGttTKrgMU9tQRTB8D497It4R2LN8xE9RsPH32sbiuZdoYuAHp75+N+qoxbOSzLp1Pjsjsjhg6zJP3OYqcoF12P1VJufitzcjX+Vn4rKjsXrpyYO1UfYOM/lk+6weazsWVaYLEE1GWA6KN4+rzH8zz9V93CEwwAscTGDT4m5k3eMKk5N/09VxyrVOLEmVR6U/GbldnAhgy5X5ceRA17A8lRoZD6Eq/OweElR0XXmrrxcdlOj4YD7HU86V/Ejg/5LxiCa8cY1cUa+oyo7HZhpu99/GHsNk4ePyiqFEyLNxt5V9VYqr+rJq/QZHKBpmY3o9vINT8Tk6eIuh7FKxvtVjvsn5N8Dw8qbcyK+Q+O9DR6/UrxLNGwcbHXklRgHZTsCajr4H0mVrodrfy7X39wCTiY3MooRZfZxmVbMDH/AE9f121rdVxbFvlbambiGjt8QffD7NYmW3YwfP8AFnhxFOip5DKr4kdqzp6W82j07T/cpVpaOLVNGXwvjsph/EfSZW02Ix1CdlmCi242d1BY4uNziKEWX2cBlX+mOmYvH2szHXKpqdkcHxVYBM/BNXYiK+4fk/Uo+6sblx3ZDNiV/GQPvWGUvLV9SvWiO1Ly0epTh2aNy+nY33BDFbYABmpqN+I9my0JGYsSeyoWmJi8wAAJbYEGTfwHT8U3P7efiDKSmw8pRdwnUOn+D9pIiNqeCPpr+avxf8oPxMo8rlj7h2B0ammYmmmpSdNU0b+3bW4tTiRF+am+wGK3j5j/AAPrZgosuLfRXXMfF722CsZF3AYeM2XZ8e7n4YyVptJaY2QaTmYFeQltbVEjc8qQykuvE90+avxtH9ww9qR4y/y2JvtS3lxzr+Dub8o0tHODan1W0Jjp/b4TRibEfyB9JOpZkQnf0UY5ZqMdau9tgSZFwrGJjPmWABR72fhrlLXYyvKbmpayunOry8GyhoRqIxE+1oUIMXwan85lc8zRlNcXwLzzcCaE4iL4NbTIUBuIhWVeBNcp6crqAitAdgwfLn7B3J0HyRHcv9FaF5jYe4iKg7XXcZkXioYmK+U4AA/YZmJXlpt8eyVuyNVel65nSw8upemfM8xXIH2GGviB4iP4elWgoAnEAXPofQZU3ixeVUMVvNcatYKhPSacXEVisDwwmCPYiRskmMSx7bg2xx8MuaMZa+58C2/cycgUzCwWtb69e5kU15FdtVuCykMJRlkSyqq9cvpREdXrngwxGKz1BFIM+5YbdR7jr5+kxTpkMuXi/apvA+5FMVoHIi2ReDx1pWPYsa6xu25ubg8tTiM5owlVQAB2ssVBZY1kuySWwcAV/tvkZXT2qNNy2GVWNUashbJdjV3TK6Swlldlc8GEETxFZ1HrQGgz0tw1MJrvx3CIhlo5J2rOjS3lvDK0Nyz1jCzHv8TfasPZKsFnNGEqBVCDsTqW5EsfiB62c2HiV4y/uMvCryo/rYbKwdZVkPXK7ksllSWTI6TXZL+n31R9qdAzie2hFLrPWunrmess9ZJzrMV6xPWSc656yCesJ6xnNz2Hbc32HkrjWmUdNETGQT4EPazIURmLS/KAmN0+y4oi1r+6IDLkdN0fXZG5+PmVZNiSvIreGWYtTi/o9bS7pltcei9JyE8fTqampxE4icRNd9wHcWi5omKxlXTdyvECxK0r+g/D5CiPY7y3ISmJXk5xxcOrH/f21pct3TXrP6goykMIlr1xMwRHV+z1VvLMOtpb0hDH6OY/THWHDsE/S3z9LkT9PkT0Miehkz9Lkz9JfBitPRrE/wCGso6fyRMPUGNUIPA+h7ESNkxizy7JqpinKzJi9Nqq/wBG1aXDK/sZFB5Vd8K12P0kz0amhw8cw9PxZ+gxp+gxoMHGgxqFnWLrOQn/AM3UlmT9dtrlh26hdYLOi0V2P8ex/Psf/8QAJBEAAgEEAwABBQEAAAAAAAAAAREAAiAwQAMQUDESExQyYID/2gAIAQMBAT8B/wAFOOOOOOPbeN+E9pdPAensE5Xpnt5lHjeE6BgOgdcZT0dMdDOdMDMdkdnAcdPGap+OZVxGnOdLipZg6+RKwjcLTBhOPg+YBFFOT9sagwnHx1IwGfVDUpWWXaLnrDkIn3YaybheIexsi4wWC5aYuUGo4447h4g0zojxBY/AHZ8EeIPEHgL+Z//EACYRAAEEAgICAgEFAAAAAAAAAAEAEBEgAjADQBIxIVBgBBMUMkH/2gAIAQIBAT8B1T9HP0U/gx/NIXioUKFC8V4qOidEKNcIjrQ0qVLQoaFCKlSxG03hiUMZQC+LQ5wQLEdIIsMdpxlemI1G2Ib2hjYaSJQ+GOk3KAjULelmP9QRuUEa4sBJ6Jb0WNSwRqGx2i2ftiK5MEbFY2lpUqVKlpU0y+UNARoKCk6BQmpc0NALmmXKMV/JxWPLjl6cOEdBeEXFA5py5eIR+WBgrjMi2VixtCxuafqPTSpXF/Vw5rKLGoRQ18uMhEKEMJKwHjjDhsjFocsKEoaDTLiBX7Cx4wLZ2BRoKjRCIuKZ2CIQRYWB0kVArnYFFigNA0woUKLcmmLlx0c+niOjydMdHk6Y6PJ9JyfScnVl52ZKO5KlSpUqe5KlTSVKn6MdD//EAEIQAAECAwUFBQUHAgQHAQAAAAEAAhARIQMSIDFRIjAyQWEEE0BxgTNCUpGhI1BigrHB0XKSQ6Ky8BQ0U2Nz4fHi/9oACAEBAAY/At/O0NeTealk34Qqx2jXRfZt7uz+IqdpO1f1VMvGfaNrqp2J7xuhzUnbLtDgplogDUaKbfFXezyc74uSm4kk6xm8yX2Dbln8ZV532lpqfuH7RvrzU7P7Wz+qpnpg2qdVofDlzzdaFcs9mz01wd32Vl92q7ztR7y005fct4bD/iCu9oHk4KkdWoTPr4W8/wBBqtrLkNIzcg557ux/VXbJsh9z3XCYV6w2rPm3RUjNvyX6jwdav5NRc8zMe7shftNF3najftDy0+679ls2v6q5aC6/SN5ua/bwOtpyCLnmZMe67N+Z62av5u+7dqjhk5d3bZ8jrEFua68xv9bQ5BFzjMmE3ZKTNiwGbtVcsxIfd9167u1y912sQ5pqFMeo3t48XujVFzzMmBc4yU3Tb2cfVBrRJo+8br8l3dpl7ro3moObkd2XvyCL3f8AyF5yvOm3s7fqg1okB953Hru7TPkdY6tOYQIqDuZmklT2Y4RCZWnZ25nVBrRJo5fesve5FFruMR7p52Tl0Vdx3Fnwjij3NnRg43IMYJNH3vfZxj6qYjI8bcez7R2X8xFhY1e76IMb6nX757xvCc4hwQezhdhLn8IzTrR3PlpCebjkEX2ntn5/fRByVw+kTYP9MPctybxecCTkEe0Wg2BwD78mOIZRDgm2nPnFz+eQ81XPnBvZmZCryg1gk0U8PmquC4wuJZx4lxhcQVD4yfuujdmY3QdhlIXufLzW17R9XeE2nALZqthq4lV5VVOSqMVCuIrNbQWclQ+IIXXA5w4jsthIK/nY2OXU+C2nBSs6rOSqSfBUKAf4iYydgujhs6esKcb9lqbZ88z5+A2jVSs6BTe4nw5qtrJZ+FI58ovtNBSEgnWn+HZUbv5uKLbH5q84z3dFUYqNJVLMrhW05HaquFVEZtKuvVPCHQ1gyy/MYOcMzshMZzzO+/Eto00wUouJcQXEuJVetq1WyVVUapAVxUVQFtBTYVUQ2mqdlktoRzp4QO0g9+pgxh4bIXnef+5b64yrleeZmOzkpvqVshVUmLNZrNVjNT3ExCq2FUQk4K8yoUjCiHgiIzOTalOtXcVo6e97uz4lN2cJDNX7f5KTBDqtBuLg3VIbS1U21ES+z+SkYTHqhLwRlzhIcVo66P8AfyTWDJolvLreJEuzhdaJlX7TijJuamdxNTO9zVVNmakYX2CvNVhI8Pgqws28rJt4+ee8JKL3R7y1G0YVV1mW6a3wEjCsO8ZlG47Pl4GSa3UrtFv8b5DdzKIHCI96/hGUKlGWW7lohE7ykZjhUnZLpAEUIQOvgbR/wsP8furIaie7uDMxDB6oNapDNbW8d4GYVV5qSI58lIwucnb+Qg4D33NZ+6A0puiSjHvHcTlMqZ3p88Ut1WEwpKYzh3jRQwmMwmu1304djZq8u/T+N2ZZmLW8sypaK6Mhuc4ZKtFMlTvVj0VQps+WPLcAroU8Z0RgWeo8B2f8NjP5z3d0ZCJtTmURzO4miMIbCSqUJLaWyUXMIhtU3c1cdEkZQYfQ76ULUDJtmGt+W6cTyCe7rCQTegRO4IQ64JqcZ4c1dtKrULIKoqpctz1CnyKDhBk8pqm7lg7T0EvpunRY0iaDRzxVpCiJdzQOngnt95uSrjmparyTx0RgDqJ7olThOHbDynumt1i5+lE3dyxnddVwrZMlXCUDCScIS5tKIO5u4e3+Y3QbpFztSjqN1Tf0jVZwIOWGSE4FE8jWF3k4IHckCIEO3flO5J0T3RbeICLTaBG7wqYhNBUVd3luqFVop8lJuSkc8VAp3UORTmTnJBw5KYyNV5Yzi7T1s2/tuTqcEg8yjSEl0hVdPBZKQUveV9lToi0ownpC63DI5FF2sJHNtNwBi7Uz8H7DcizGQxgBTOcaKqkfCTctigVOcZHI0Rs5euEYJcnQlz3JRMBbcrUtHzbluHOKc488Um5r8XjJzwd4M24pRBU00kza+mEnGy0GdmQ75O//AEjLH3TYDDePEYUz8DXBTNTcZjRTHPBQQrB7TzCIUmiZ3A85LyrhAx2lnrP6j+QFYu1aMTnIuPPE2FFXcEo3XSCB5xrhnFohZ+WGuB/mqHAMDf6pwlpjEShzJI+U5q2sv+naluJrMdF1hTcP8oPbu2nlBg6bgudkE52u5keSB1GE4Sp9UeoTv+7Ztf6ihxEabjYzW0qqeNwRCc4TnAxzhms1OF0qbjhmpzXSBHPkrtfXDNq2mkQpCzPSAMTiCCsLT4LS4fJ3/uFSswqQtDCuKZzMa5RphvZK63cy3FTCV3NBUKLrNs5r2a9muD6rg+q4PquEKjWrhavdRa+WapJVbF2ECBCtGDNzZjzFU1494TVYBrwZclNP88YjSG0VRyrvzu576bDIo5MtmoteKhFASyUogQ+ia8e6Zp1mMrN0h5GoiwTK9E/zxuKkIZRoqqXhpuKzUgmgbyTG3kGvFwmFm7lORTbTWkCYlEwnCz/EO7PmKt+irC+9ST8blejWFN1TDXcTcVmuOiG1tbo3c+S+0EnJ8o2ZOZaJwb5wlgcYH+6FpZjicLzf6hUfug/k6qyVIO64weSopLrGZ3mSyx0xM891VURacitgXgp2uy3TWLfPEBAHRSQLeIVCe0cLvtWeR5fNcoteNxRXjmcOyFteAkIUVcLPPdNKnDacAptN6I88MoyPNVzFDC9zsje/KeL+cHUbgCNFN3iJthVNb13jncwpuM1eZmEHDJwnAeeKUAVP4qQDpT6a9E6yBmGcJ1ZywFzIHDPWN9qqq4KFbW9KmFXB3jcuaCsn7xzdUQ4SV1mf6JrRkBKA88BjeGSfZWnE0yKLTEP96yr5s5j91SowXmZrrgAUhGWPJSO/pG67JTszTRdns+c672oB81QSECh54mtHNXezjYbRM7Q3J+y7zUxkp8nfqpIObmF3Q4JXrPy09MPeNwXozXlCirCkZyrudcMoVgKrNXjU+AKH9WK8Pa2lGoNCfZH3sjoUWPo5vJEHmjPMUMAG0eDeZ/Vp6pr28/pgLSiDECNMGWCarCioq4M5LZqpHBeGcJlp8IV+b9lXBXhFXLvT5NHSLe0N4bSjvNTGRXeDlR3kukL54XUtejuTvXDtCa4Ar1d7RVMKYNFmqKuarCiu8zCqyWy4qjkCTTwBX5v2VYiQqULFvm84H2T+F30T7G1paMMLnLNv8KSyvDIt1Gi7lzr1J2bvib/OK7hpuqKfJELaKoqrZjJykVNTPh/zftgD5bbuEKXPmYbOUW9rs820f5aoOHNXTnyOiMxJwzgGl12s2u+E/wAIzF20aZPbocE8BrL0Vd1VSjTBI5x6hS08OU2xadriPSN53APqu8fxHIaQujNG5lEgiYNCEbE+ydVh6Qvs4xy1UxlBrme0FJfGNEHsOyYy8B6wOLrG83HPwEhxIucZk84SHqUHHgbwiEyvxOQdaZnBd98VYequPo9tDOBtG8PvD910gXtqf8RvxfiHVBzTNpwT3M8c8El0gdFPkpHfUXXHJvEqwutzUv8ADGZ1VMoFx4QjaP4Ri/4ux4h7Qfug4QvN9l/pgJUKLmimb2D/AFBAtMwee9ujHXDJddzXHLHdZnGTc1dGXvOQDcoXR6oWdnkgxuObf+XtMunSGUweSvMrYnI6KqmKHVE2Y6usxz6t/hB7DNp3U1PcTwSVM4dCuu+rilZ/OMm5qTcvecrrRIQkM13bOIqvGc9w6ztKtcu4tsvddAteJsOYV5u1ZHIqsPx8xkHf+1T/AOboDcVU8MxkVTMQmFWB3UjGamVLJsZBUo3m5BrRIQ/Evxld9a8Ry3Vx1HDhdojYW4laNgWPE7J2Y0V+z2rM5EQ6LbNeT/5UjQ/r5YxAxyxywT5hCapkVXwFKuU3R6KtLP8AVSaJCN53FyC7+2y5dd4JbNq3hd+yNnai7atpKFx4vWRzC72w2mZqRVFI1b8KmKt+o89wcIw3sEjkjorjvRS320pNoMEyg619Gx6q8/PkF3tr7NSGW9vM2bduR16I2dqLtqM4as0Xedn+Sk4QnkdQqyadeR9EOv1xHCJ4JKWHrCU4DdVWxVTdUxosplTO0+PVXn1Oi7y19mpNEhv5jZthk7VGytxdtBrCbcuYV7J3+81l/BUj8lRSGXNpyXwnR2XzUiDPTBfbGZ3E9Y1wVwnBWi2KraOCmWqnwt15lSaJCMmcSmauK7234P1UhkPAydR44XLue1CR5O1heYZFXLQCZ5ciibL5cwtqohVSzb8JXwnR2XzUzCRVFWEhvaOVCslXDtOC2BLqVtGeCTBMqu1+gUztO+gwSZlqpNq9d92r5eEuWomP0W19pYcnKbaiF21qNVtV/EEXWXzb/C+0FNRHYdJbbP7VsuafOhVaeaqqbnpuKhcMlV62JlSnLDJoLj0Un/2tW1QfC1SaJCNc1WgXd9nqdV3lvtWmmnhiDUHku97F62alwv0MNg+ilwvW0JO1CLrP/L/C22TGoVIVWw/0W3Zg+VFUub5hbL2n1WRxzw0VYUVXYvsml3Xktsl34WfypGTR8LVJokMEmfNF9oVdsxJipV/N3iZnZtPjCu9obNvJ4U2GYhI7TdCqGTtCtttdVNv8FUr0cpWrC1UMKiGy8hcU/Oqqxh9F7P8AzLgd81k5e+snrhcqWf1VGNVJBZnHJs3nRq2rtl51KvFhf+K0/hbW10yCpTBs1Km5SstorvO1kgfCrtmJDxcnAEHkVf7G6474SrnaGXHquWohI7Q6rOR0KqspeSm0D8tFsu/uCrZ3uraqolDOOWHJZYaTPkqWTpauovaDysxeUzZk/wDld+y2nejBdC2GgYdnaVctFUzdoFlcs1Taf8R8fdtWhwRd2R/5HK52hjrNym0zHSGy6mhX2jZeS2HAwqwTWZ9aqgs/q1Ua/wBHArN4/qsyvaWfqZKlw+TwvZH0XsX/ACXsX/Jeyd8l7NVuD8wVbWz+a2+0D0VXveUHd2xk/jqVW0/sElw3j+IzVKDDtFbA9StozVXTOgX2LLjNVO1+0d9F0+4rtq0OHVP7qbZIF2eCTnTGIqtmw/lXsbP5L2IXsvqV7IfNexYqWNn/AGp4BkAeULRz2glgm3puJXjKNwOIaibRgcqeB//EACoQAAICAQMCBgMAAwEAAAAAAAABESExEEFRYXEgMIGRobHB0fBA4fFQ/9oACAEBAAE/IfAtEI3028H0ZgGDInpf2XyJjgIRAj9Els3Cxbd4Y+wkkiRJNl/l9hU43sWmiWHyJ73waQm0U0N7g33QyuxJCU9F86/nTk7aMhPJnVeQtZ12A9rtyPWYDaWxatiU4pECqfZLhuB0lGbm37f4D/wY4pvjSE6xo22CW0JlsmBC0004fIjp5Y6+5Epx9h+R76ddFo9FLnwLw7+BBfcMlZPfd36GMJRgShWTWY+CL6a7U/YkkSSSSwlt/wCJ6Af5RSq9kxkktK51fw54d0R9Nfy9Gbm5t4lotEPwzXt4MiXPCYcDnEiTOcJZY7ZbaWf2IJN7l92baP8A8R0QfsyQnybvYS17WU8okROKt9jFSHSyZQodp0xnDEq1Yp0Wq8C0ntz/ALPoTpH+hEec6EbLahsI+Cb/AOUloYzRe3cMbQHLb9iDYRWwpAsNZ49hqRvqvCs+KNIYknXw9WNoPW2JBBbJZNegkUrNlyzf/wApaRfgDKKTj0Kat6hTjS/9EJzF0bIvVPq/CvBsVH/e+g5UxLb3Ehw16SZbLtZV/PYW00+77/8AntqpWz3RmK3Y0bEQIk6p+wZwTg+jYleRmK1cr9En7WxUVGRW29i0y+pUGxEv/PejOuW+CUct6mqi/GVyMD6HD8O2sas/6XL4HY26SWzgVITbZCVy9ixBe8TgShJbf+VInrJOiSRhwZT4ZJY/oNGTG6XMOLhSnycGwr3NvCwPSWbeyJlNU/kYgiSdKVkHTbvcirSsJP8AxpJJJJJJJJJ1J1J0pL4GME4paNijN1xZ7iRz4Yo36k0zkrd8eglLEkU85SMdv8ONB+VPjbLEzYZJI4J0kknVIn4Hov1YT74uCw7UkX7XDfK5M+p7+Gq4fSMiLhCTN30F9bzzNY/yJ8Ekkk6TBJOjJJJJJGyRvSfHXm2vD5JnGnP/AGuTbISummRCsftCZFaDouDgShCsOlzDJw7Hey4/8CfAydZ85ZHmtVkSyhoTOx7+Vo8E0KftZEU1a8F3b3XsRmbIEzCpbL2zD/7+ei85+W9GMnwz4JJ0n/ATO8CIh++jBYaexTiSjuNxC6na8h21pZyz3ZiCG0NVLbp/bkXgwSF/iszyrT1nAT2s672Ou/YW83oTA+6Yt3qJmAngnWf8ZFa/WydEZIvbRKSTlUo3e7F3JmM4LyGSf0q/w20suBocYSiafQoIurN3rsN7vqS3kxVEDS5FDEiJGamT1eiUsazJC7GG9wyc+5t+ubGYSUv/AAtvCmK3fKfUiXSU9GtMPveGJYRgzMnm2HD+vhL/AApEoSKZlKo+gwl4+XrOs50knSxeSRkkkjdiZFu8sgWJMqgTlSv8PceawIjP9xoxFzT/ALAWpGsi2yD7f49RKbC3n/AODS+A3aeoeqAaSTpJJJJJJOkDJYIkknRtvSJQJB6WKSIVhQETM/4nq+7hpvncaOfPcbFt2227ZDbWR0Lzvr7595fsInxvxP66RtjwMje94HWxJI/FIjajb6GWF38TWO0LSvnlXcfiJCXccKHLs0MYcmWrayLuJqE+hYsguN5/xI+uAJ0Xr2/0l3Ixoj3l7+in4EQkfPfnPVp7BocW1Cg229KZjyxRXcZXRnKooqUcmcIzCxhGzgXpKG8iJLbVcaUaDEQN5i/QhU4l0K6Jj9oYw0FjgnlENYiwNyYtSwM0FtpqdX5r0RLvPqQga9na6LbSZXfeH6ec0tFoYYN6MKxzYmSO+RZCG0loHLsfI52kL9SgqhzTZ9SlJHRIytiVclMhsLpFzRcQMQTGlgrJshsWXNHwx3GlDn3RICq3UMTgmLSt0XVb8ifKkzDoklDyqEKbc6vSVm+fM+n/AGRaLxNx4HlksPLm2sbFJMtsiJoWUExRR0GNMuQyWDXelhkJEQppOTMLfBDAQsjwJ2sjgZJREESxRKmSJkMMkemhihnCcigBjtQ4gWjHI3mCYkMcPAfjTOH/AILGwFWM5G4c9hW/kIwkeYc2XGtS24xWkGEKy03MJRgbhSKHeJy2NoaII8lQh6LzjyXNkEiNEmgn3FZyUSVWTDpOIkjVWgRpOkTCS+w8IhrRDemB6WwTGKZbfgUlr/BYwswJmv1o/wBl7eZlzihtlt0SKW4WRSukuNJSWB0/UDfLGNi07iVCHK0UzEuSgPqWKRJcqIofIRbkJwRQUGQuelIMTGlNwNUNlCK6nk4I50ltFtuNEx2al9SEIa3H/gbbeQJ9i2bnYz5aHUJWNC2hvSETwPyJQoROLh2lQ0OhtFkrI+w9VUbZBZqW4DCvcIDK2LDYByJyV6bZYLANgn7ECdpj3zsPVzD38hDmOVKFP2ez89UrGtdj50yu7oO+B9fLtk2kZhtn2C/kkkSglyXtPQgY2kmLZXMErdjZM6HqIshormccyCpKiPggKIVBZbk7kytLmZci0OwSE3chLwGO2bEAK2HP2tF9e8ujHgfnM2hCIs68WfP6EcYVJ5SdhD3XhYHpSe52GsHl4sDGHJl6QC8EFYaj6jybtJti5wRkuiNCHGSg2REqGkdseFQxjQ7wNLMYQS1PRaowuIpY5Q3kQxDE0MlMSowvmyXLGbbbIxodJz/pD8vLiguTd6Ni6P0BKUpIOc0NjRhiEw9CeTHtDEBMUFDASEyMJgslrlE5gKrkI6kN60MqPKlDEY0Y2YTJuQuZukJWJQjFIm1uMspCFBZLkKFtgQR86Ip9iTlH5k2k6QsIRSKT/pN+RY8q/hprMPSDv6BChlKR5eosbUWZ4DG8Ko2NjmjignCmjtli8xuhI9/CEQJRErIcSpN2DYUorGLgwhYsblDwtvJek7CyIKyVj8EXJ2JJZatDp2IfvaEWxU+gxcEzHlyT3OYTAjIiClkcQrXlIrVhfEyFE3gslsuBaTF4G42IgmCJGaHQYj4hDQ4PSUYMTgf0F7LgnfJjnjYaDe5I8jGCHcZz6ClNOBLMRoUlkfeWmV0wTEhckXBLWmTUwT3K2KaVilktkU5MZOqI+YxMp3IOdoijcYMcD9SgqJ14H46PhCyoleC4tV/wV5UrmJH8jEMbT7GBAQjGhkjLdDyhKWWzwEtSMYImLFOaHSSbrkaKbG1JDBK5J05Lnc3GJ0pTQucjeIHYwjHabZWkxGVK8ghRkhzWWbEllFBCOe5FtuOg1g2O7Ex5sincKWsq0cR5PKsSyZNmbxKYYkjeEhPto/I511ehSBKZ4EoXSmVLfIphK+R6XrJELBlZsoelbjnG8iaqyPY3DUddC0nEjFTMq05ibqMYxdMIorRjFMMLrkaRsaQSZBbi5pktmxPuR5rkjZ+x3W09rL8j2anfyZYV4UswEiZ8h7ny640da64S2nthG23QyaRs3YcUMZYWSCMYyRCfcTRUESF6EvYmVge/gbISN1j6BPAoM5Sa23ZG96AVyQNZTREKjEIIR7iYenSwLnEi2bZSvSUTwbkgrDyRN2QokeC9djhInyObDtmQ6SQqAoJD1rf8Wq8S2uyTfSWZaTSQliiaxyWGciViL0hfIJwdtE1TjkZrNoxbWB5NEjQ0rEEWZc6Mwq0Pp0+npODqRKhnAm8w08UyY5IJTHHDGjTmBiYLXclu6W4vO2kMMwqAqktSHD4MuDxJmUaSKMZApXmnjnPSC7t6CSopIiB/VOmPHncUov7GSa0ik8UxfIybYcFLnQHhvJiLMMlRg8E6Ow1heowrVJa7D6TojgWkuoOypDCSJ4IWUtuTAg3CkIKHySFOBlJEuRIE++tx0hNDihyRGIkHUSdQjZJZLOt9mx2l0/HCvdi7iTYiuSS4GpNtodV0b+PJ76EUyjDUPTIYqS2xWcckRcMJxHiGRbAxEYkRoS0W0xH4br0DJBNlEHMFxIExpCX3MwhlqGQZiZCrwb+AuXbZkbwmgOEluInY4S54IIpIQxnXK8UjwRSsSJG4SbbuND5ElbsD3in+cGC8aqXCGWpsUKRoTpWVSxMXbblmhNEORTtZIolpqBBISI1lDIp7+EciEKMFBInIrCmWJpNg5FlClci0r232IihhZ9Ahsxq+AtNGiMpyJVysdkm7+N5MxBY7yqD55P1JHn8IIkvCa7eJEaylkwiyjCO5mYaMnOIUkjtR7bk3YhnTLiAoFRAacEjcFQNuqOQbJsTVJEc09SeeWkInMRB4kkQdI2EkrskcA71uJIkhclGd6jkSIHCUZSzXfRsUmTyO0C79yTuhpR834IObpQFshUSG4RIcxI6X0XqoNhza9o8SmOUqG5oxNjvsMNB4EgPEmJsThfS0kTGSui2RVaKQhrhDDch4OOVPuSYvJcwiRMlF0RKFMnsXTG6CNHbz0CQxk24SEQPsZBYmKknq+xtM5PlDDDQs9w2QPTQ9wpomGz9PBMp7CVpLKtJVt8DN0m7LdbA6EZ/HyJwqrtMrxMRvOSRGTRZZS0uh5Iu3chuykcEYxhsVZQygq0kEh2LdkU7hoeCp0U4yQIB5C00ZNPCJaTDtoKnySIFLCHhLJzAhU5KBrb3JI3SJA1GTMCzDDCdmFpTZyejD+CE4deC+gyiR3wREAzzbhSa3E2Rof9le2i8FoVQTFJ1FzOjDURkt2GypGhK8WQ1CuobXA+hHXhDH+UyUWw1FakSUbhpdzaqdYkJCLQJJEZGUVNxpXBBI1nDQiKW3sh7l7cCx0wuKb9zCXOG4hqYZ0Gh2p0IjfPA4fjCfdiwDS5EhQbkYew5SVM66LVZlGESMU+TCybFS+JJmjdqZ2L9GVFzgMb5BIbiHdgZyNJmypoz8AozeY2MlJ7DT4tiDlHLGZq0uo1DFhyVkVOe8biUruIFtIpBLWTbllM5xQMmguu1aLB47XBB4RNInUTZuJsYiIh47UNy/cX/cKdVC4wVVwqwj/INMX4Sx/wDeW97qGbrepAHVxZvDpk6NJokQFhUJQ0tO5gmDD1ix83u8fp+5NtWXObQxBo+TwKb9BM8SbaZmIiHvCtjghpKsgsFxe5M8ojxMZxonlak0wFgqiTOsvTVRvRQcYxZI1T6jDqhQTci6lLkhVsSsKCBAhohohEIcI6BIybT4BAxkoWepCkqaJnkVEOQvYMhjoMxaituhONjIAiPMbfZdea7n8Syz6vRMySeJPd1ExJlpR7AN3Z0KImRbyM2igSFskeZMIMwUaELTAkUrUjJRNCUEhTyYD6xjeQpo5BO4KEV0IWNvIejZEvswPN2ydsoTmiLJcv0TFEs2ehu09stiUDr0DspD5nub9ShPkS9OT3s9Wj0IkJ9Suy38GG4gT1Oj0vOlDUdC62wgfCZM7hcC4wYEJeCH10lUZ0MNTRONTbLSZoUDANqQ9uS68MM8s5GkU3yMHPI6EHjJmjm9zEuCPId2iiqMX2Ax3h0vRvRKHIy67oGiXZl2dP0bkCpuUlyLBMDR6ciTA+j1yNdcCfyIc6qHqQcUEfUkcJ2KbQhusMb4AvOhCHPQxId0TDbiLEhJdliPxAmEtdemGEb6sohGfUEuwmBiIiuSTlEUtJITh0lFMj6iLyuUS5nlimaIY7dBgTUwPdYYpNQZewntfpiDwlRGBDEShDORwom5uH2Ys7sSDhqZ1WCDSSoeMnoloC3BRkVzAiLm5voWjIq4GNFQCt0QlY2mboSlwILgEOh19BhPwpMBuEPUbJkhbiLbmR0sijcSZWDbKIUWMoblDBePYe4+AmJkc6IUQMbrOxVtOgmnNDzPifobuxp9RYxkaHYdeCZti0eCjHN/sQnaVLO76k9K9xKzK5J8kiSXYJJ2bJyMeBDOONzAlhUMVivCRYA3mwiBFEruGNjgXsx7aMmkkieh6GE62hPLRZArFIkFqSDgWxLQtA95tUweU6HK1RC7seGGfIpva+YTXEI8SPI+M+hoSSXJjkdk77DhKhqnEfJK+KS77FIOpHoIFngw/UpJTCA+az/BLRdWP+iMVOmhYAxiGQz5adMQkGYWD6WKpYVdhOlEuSyxFUZEnJOvL+uC3PcUw9VonZZ2OSJz2bCEhBC6iXBivI315rSu6JKhciKuW326hF6SV9hLdj4X6FboIOJLqb9SUb7De7N+4gJszCR7uL+kVvrcRqTp4fRidxGspkgtz6n9hJIm8ilPleBpGqF+SoagPREc+pCVsUJ37lA9Mm9CeoYg+YfHTSaJy+NDd4oihosp0IoLh2G3AzjYhmLHvFv0Gi0xSDUIfKYynI9ZiuSdxuwvqkMXkNSPRZPjdFYvgSIj4R8P9CSyNqRG2dkH2Wxn6b4G1G3/ACxq99Bx7qvQylkWj20fTkNDORsSSpw+j+hsc5S3nn3NWiNGhcJHcarSSYfLxoZPDFeQkfA5DbxHkuJCDYuzebzoJ/TqJKTsU0jpaSBkksDrgw1hjwhwDdksZxBQ6nUZOBBYGMW8x9YJnyrIWiJECPgFD0L4GQFEQlTY8IWyNGx8LkXDqy3uxy8Q+gfuNJJbT4PdaSxH5/8AtKEK0WF6Aw+CV3gxRJae7dEEaFbsQjp9ByHmjsUPlDwfhBdYszGBK2jZBtCpD07MIU54rAuzegt4zRFRSBOsvRxps4Q9pFYD0mDTTgh9RB7ClYaKRPxMYJJYugySE0xChZQ1Np8qheH4BwcRA6CFJkg3ji15+CSXXouQtGr8Mo25+q+hbS5AilS0g55egv6ZQimdnwUck2Sa4Djd1IEtLdmBO5FiR2GjawpKQM9CHJAnqYlrBBgheCCxpclY48x3aRvJk6EIRfUpQdqsYlLoOOjuMVZC4IhhyQGmJtiTiMFocdDC0T6CUwBF0MSg4NN+fZ8I+qN2Q4mUXcIe2klSQv8Ag2woQkqSwVvGmGlieWz9C5IE1/e4007HRFe3puKJGcV6bW9n9OsEeASv9Qw9FMx70GtxdIecjU7DSENsoVjqUXkSogchK0TUkIZixBbgVuMjnCDGS9gRCCENz2Dw4ccENNUyXs3IxkymUKMdIxWPm/klskY2G3nZuwswXELO3cHvCMsYjZVfmNw3vkY8Iem3DVQjEcPs9GOwrCPgx4oy5AvJhCdSB1IP/oF+7D9Gb24uSTRhkkxNtuZ0IaiWTufilKRhNhSYFIsjTARoSEKmIclljwdQOiGFpeS4LjCkrFKdxHTfeUL2dgawQixJY+kTTkjB3Opkx8ifH8YTCbvs4Hr6FuY5dX6uB9H4Sbkg22ehHsNG2iJBJSMNPYeq3YfZ6rGlVSm+ExDXIaVymYe+Dfza29ifl8GuFDJoTht6JKiBIZAjTtWNS0RjeRV4y4SW0YnwN3oNu9DGzVstMF4JWWCB9diU1BD68EsU6u5E9JKUT2GcwTIRNU58glrOfIWmf6Dv70tssdh2CS9AVHx6g+TIl4Oap/UNhaujp4EtWFfNuHZ4HskpmVG9E1G2LZ8DPlromVDwJOktO36G69RVK4mtxlgvHNLAryCbwKZwS/BaJULci4zDqZtCkDSpCIP0dBKS6Y9MjlJCyoT+DQmIYlYkiRsyhyDAFjwsV09g8FRplQhPRarWaX+CRy0jSLeRvwKVZM6ziSRJIRUOCbdIV2B6mYvn/Ril9azpFngN1/LMDb24elpVncbv0W0MTKTNDlNO0x8m/wCqv2hSZKUm5mFFWwhIQ1o/CsCWSFR8wGVoyG0leIsGRaGw1bQvVk52HhmF2iKSYzpbEJRkU9TaTHN9SqUrGOoZYtvEleBQ4ebRVbO/Bcs3vgZ5bzvyNyIkqXG3XH1eiENQmEcGcwtw+Jrz+RftLxLraezHrU37z/PYSRmVsyyHgm26Iadl/RZhwJSY0OUmUPlWf5FfIegjKaL0aHq3UR4LPgOnsTW3vpVRJcSY3IEUUqmK0PYki7on6hbHgsahP2JyOZF+sMELjYonYv2E9dEVIkewu/Bh4jmPJ64exJMWyWXVuJHZCqW+BzXU/wCKE+A7LSNv/gfvPJAmS+d+DnwLTAvKBfTquomT+e01z/YOglP4PNdRom5a+P72FwHLJptNOU08DTwkzydz0+LINZVTTptwyBm4/AlLIY6FiRiGIQXCjAiSL9xX8aXoUaCl8ghkt8n0JlA7ZHYhtJiGgkJEObwbTY93xRgvElW4jalCVlkm25L2B1Ds8jcD5N0I6k/cuiE0k7aJryJlSbUgmxXt11Wm3hb92c/9GDhO/wDbEVhJ/wBKBEa3J/h8GKZF1FJQJSLfbkvlE4oTVKhyk5bdaH4FGhPY7QN9ET/YsYEehC4kVFobubbQ3Dom+ipXb6EawWT1BIRQtSuSOswLR2GNDimKx7RivBOsHqUnYEwJf1qdI5EI1avcq6icLSxW9kTVjhkTOUf8obmTsM9/In4v+udB1mtG30Sj3RdupDOkyW39yI4CH1N3PgajVfLaofKezGmHtWXHsvyhqOz3GiK0RY0b1H0sk0LZU7EAObDpCdFMVMUQMdgZE9wS69QitvcO4wqKOiZOdLdEbCjmC8D1kDJIzzzbkx3G5KJYwvC5MLhL+WfjSwXsQlj5b1BhpR+/QUQRGCXAtOSY8S1WmJTtuX7JAVhHuWQRpuz+hSy9n4/Q0sQnEiE+mSnJowUim9i97Z3RfGnsax2Pc+x6Yx5ciS+SG0khuaIy6gC5BI1lErk3AS9sjU64HIpIqTXcSDwWNgMy2eXZ0kQzB20xWr0QkskuWIwkuXgc8gTopbhJYjLseO5jLkil2M6LOeI0PkxyJDtI/fohZURhLXjSJ20Xj3JRpX9RjC1fqJszRbLh/wCx5Thb3XRNygZYv2GJy2iHuw1vqTsMsCW9Ca0+vW7fsQQodwxoYFKE0xjpnkjgN2WkWxSboW3cTwLiHBgeJrR4yDgyM2JwBKYEiXks8j5O5Go0hRlkKDBaqkZJy6FKWfLwMpm6bE7IZIzdEmWHomXUfARvfYXols30Jk7Jbsle1tX8wKa0sCWrHvpTzHkbXr0Axyuj5ReD0ZNENhJFryP8BcN9fwPf1GTi01MWu5S1fXghVuRH7XfV/o42+Yn0fsQKITw5p+ozaMC3vepfUOeCMTvjIIEtFOpJrlWTAxEk4GTjgTacRI67EJeFkm/aYQxLRBqskFEqN8HGSoISBzjwScBZ840UdNZSfuMhoUYr2B6MmNuEO2/yG7btwXAadp9ykoShLC1b8Dlv5G2qGHj7WW5RHrrp278E7gTsyJg5ruKbRSwyx7Y3g+/00lTSZV9UI11RLydOzJthc1+MHtO/SYmzPoE2GGqfUbdmIihaJRiMFESS3LGjRUPVonGLAsENUCNsdpOisUaodRBKLoUurO86i2Bn0sUktI3/AHL2EJKv5pe5EwnZLW9OhIcWh24IMN9QX0NlzAZO5I9fnSY81pKapNlKY2MbXc9uexRsBNNfolkCedjI5n0nv2Yqd50vfka2eoS1EUZy7CEcsC9SXK0flVxlX7nyj67Sz7Mf27qkxsY50TK4iuRhjckduRgYzARbrFly3EJ1Eliy7aZcZ/WXzCKHQN05hIax7OT1Ikx3oXqEH+S29yC/iS1UktpLkyJCKg+S568v9m4urPwZ1Wj8xeOaXx/k5FkJ/LT/ALgik6WxkSL6A9T87AL636DJiFv+LwSM49h/oWUfqjNFpw6IJvGHsDgSlD9Ehy56Po5knowmL8X9D237GCXsRVFHZEbz+qEjb6niXrIm4dpG8JNvLnQtSWYfxCSPqP8AikOwxclegjJ9GD6ISUCQWyrShMWUP4RPsr4GjVtp7L9iWwfU/wBCqivZD1ejHqxuOPO30cM1kSmS7XJU+z/ZJPc0UJVJJbqITUH7HsB5e5Ar2SWUImuGhmTj9nsSiR9U/bBm1LiL5VGaEQGhw5uqgnkJVSEMzlELcJN0JeGJHsXYZboiQ3KRFZaEtEjokwY5CX5HsOTrXuLbuT8AXRKiCqHvMWTyPoSMkzbSS3ZX3dMDW0cFCqCqodzS/wBiFNOgfQ8+J6dDbXvHkrye/S9uw3G1v/Fi6mxH4IAORpHDIqb1CHaY/NkI5Q9GSxtL/JKH8CVqFcKl+SzffRN+Bf8AvvWD+LjsMK9c+yOB3QQ7ncmRl/7UTsHT9y70JGfd/YbDdpH45D+AFHOfJS9gUty6JUv31jAlSrgSgnwYxT4yx7oRrcJZes7HEMZ2fJC+s4GFCUJsvG/kem3gkfhfiRzovAjo+tCudLVDG35lnR7mHKp8kmnU030ZLWBjtcc2P5HIZL2pA+lsvw/rqKf8z9iL+5SMHEjoEqCCSJQi2bE2XybpM50euwx0foFQuRZFBkZSoZgFakhIkiSWyGMeNGPTcMeNN9GbCdH/2gAMAwEAAgADAAAAEF4d06/2yDHP0FfdaSEaPPCMDNCFgPu6Tc18QQcb69/QzIWyUXUYQDYjrgnvvmHLDDmmY/x6Q6b7ace2azfCUSVOKftsPPILiEEBDGGAzen4f70ydZoVLPdfcVbJijLGGPDCBPCPENNMAx74Qa55d1CUfcWaSDxpiGLNPCKMFHPJIFFCEC5R88/cCdXMdXUQaIYAmiIIBDKJPJOMCDCGEJdIPTUIMSQSedcYTMCoKEPEKOCFIBJOPHOCBHFsfyT7jLQQXWVUAAvctHpGqlBlIkJKDONDJDMnjqPRwbcRaRcW8qvODLumusmtK1IDBMLMPNHPPo/zdUSfQcvUTXLv3QuMlMmLeDyaSELOAABMsmI4QYfXXiWSk4CorRV3a55WxORadTEPFHHNAL7EUQbfOcqTK+62wT2S0mi5+AKG+aJEODJNAGJg9WfVxWEw3c37zy8f6W3MPhWho6ICJGErT3253Rcq3G7wx0mhQL+0BS66VK88XTTADPCIzB90+VV5Zyyw522fVWV1QBUj1nDbbIXAPBAV8t70+VQlvd5z2y4+n67C/wB9XZ52yKC4CBBAU85U0/mxuWI+tPsndZztu1Y8T3+9sBrmqDwcr3Hv/Xm3QmEo+unvGEor7rr5Ck1fg6BYVSRZGsCvH31Jcw6Xct/ZfA0gtdoHMYIZwhH4AHicm/I4l2lSrD9o/gAh2FeWoDYgVfqgxgMvJCdi3r4z4JIK7VRpNZ7DRSzuap8Ol5Ea2eR2oMFJqLCksKLbJOE/cTSouzclOYI8XqvYmiSr0U5rbkFWmNpJZuXeGjV7uMQmQVz/AHj9d9Pw8WD8sfeCS593agNNOxF8y1N2j9vSNSaad9cOmP2s+1K9Gj+fiyB4/jh9gLvDbJjRX6Q+Zt9GW68wmOVBkZ08wIvmO2wMoH1Anat+wVplRRk5+jbfR8zw2oHqgGdidc5ZVrtj3Pj9B3xDtJVVZlqd2GcNw2K/Q7AWb40AHDTVJ500RzUEt5pjVxSdiApAW+klTl5bS3A3e/jtdYLmnbmANBVj0TkjoV5MrrQ0dreR3bg2pgL6h8Ql9zXEB9gpGvTENSYBD/VSwc7gvq2WOtRzQcoXW8tElZT7x6/1TV9B3/L5c8wCcPLSFiWbH3p1bc5wxGZrSbWTzNbxXb379EyIxw4v+GmD/eudN+VWt9ihFKASaHRBXzjHfDxeAx4MqZjbt2MsNKvnzzMHRSaWuQNNpN9lJ1tN5ALvI4eiCmmJPFaMpBdCLBFsy95DDjjfjfDf/wDvgP3AAQg4vIA443YvvofX3AgQwv/EAB4RAQADAQEBAQEBAQAAAAAAAAEAEBEgMDEhQEFQ/9oACAEDAQE/EOw4znYvonqFh/KzPIKzrZv8SeAWf8AKDpn3+XOSjw+fzNnk/wBQZQeW9gfuD7hGB4LHhngGb6EO1i1kyZPk2bWzZiYTK31OlyLsyELk1NZvQgpAsSJBz0OVm7A2ZlG+STIY+z7GD47RyqPyOvBnyi2DDH9o7XKHKxhFxnTC9mwb+zaJDto7rh6BTZMz9n+bS05WMyHK/YebeNrKfkX5lL/OVrYc/wCw7FZMmRLyZBmxFmTGi1jZwoW2TOcmRPFi5blHC42wspvx+z9J4ZlHPx5MDh/CPJwMD95g/JsQwYShGnoWWlP2v9oZs2fPZYRZGlT8QohiROArGZMYpgyn7GH22ByewqyBGzXhjY2BWtuIIxjGH3l4eDmNVGzYx7sSCzDM4fE42bGPdrWLIox+xg6bNPA8rwctp1BkYkDWsspiUs2bNmzZsIxMRjdomdA4YkDK3gjTHkt7++J8dpVnWTJkSDbD88bxnbyUtbe5z82uQszPNLbaOTj54ZCb7PDxnBN8r/CzOWZQd2bkXfZ4yZyRjCEyfibWxaOd8Nm8ZWTJkyZMoBRexeN/gyfvhkytm873no28vJ5Ff//EAB4RAQACAwEBAQEBAAAAAAAAAAEAERAgMSEwQUBR/9oACAECAQE/EN2LhH5Fv41K0GoN9xcvD81nZYRt93NwcXD5LWH+YOD4rhb/AKB+a/qHBL2X+wdri1/cQ0fI+/EGXhl1lcGFH0MGV8BsDAratG8U+ZCMWjcLgTs5KSkpKuEP+JTLYB/Jc7AzsGJXxMMV7BcARa7FeRIE8lf4lH5sqog+MY9Ip2CMFiV8CWYdQtgqKiXc8rYeR/3ISsEIkSXC4nq9gj/DP0lxtVCO5cEEcBAwypVQDFanBp3WoDWwLahyP8la97lwwYx9lQI+sJ2Q2bu2cGwfuPQ1NRgxcGRZD0RhwcGnVUY4Nhoi0Tje5eOS9VkuL7BQcftr1hNTrQ7DkFkad1WoxcKYsCIQMIcElhGCoo+xK0W2E4nWht3LUbYZZLlwgxZMDisH9zxgNtRmtFiok7WDyVLgRVLl4GtnD9xfkBOMi2GxRYRKI9pLemVEuJQrDBg3GsdQn7DkZTyWh/dDQ4XyeoWpSdRWUg6mSyWSyWSk946x+wMCDWZS4mfDIv7LxqJWalaKuomJUry8hAwNbE0EcVPRgP8AciEpuBWOtijGHI4ODPh0NG0QykqGBRgcda1BconE6xxjmHUMX8SzNSp3rcoiuHIJd7DDLjlXgMGjUYtLwkKhioSl7GB8nqBWLhOYGBl7g4NKlfHv4ENekHCYoL+N4NLx18DYiQYxKnHxrJgIEqdZImQ+Qxi8ybmhDHWTIac2Scg3CDofAwY60CVveqQgwZcG9bzeaz1ipWp5lYG9Qwslwi9jNy4bhARNDyX9HAwYOPTktluwGLjFly8BOb1KlSpUqVKyS4LDHSWSyWRBK4XHBKlYZUrS/l+5N3k60cPIaMcOP//EACcQAQACAgICAQQDAQEBAAAAAAEAESExQVFhcYEQkaGxwdHw4fEg/9oACAEBAAE/EKib6ZecX1KHLfUwAdzg3iZFamFN4YY8JjMfBYOfErJeSWFe/tGufhA+DXk/DweWXDZcPj5cvxLBDDkKBbUeZmcl+JiR3kqzx/yXms247+OXyzAlQAA9BDU7qamvUHEH1F+iz4r5g/TMMM/cv1Llwj9LvcfHH0+83MmUiaglw0iu75jlM51A/mOiPRpvxNodxWrs6girDyRQ7mVkYRSjtvvuYcLtdns7lIXXJjxNKW7d7lYC3uOd8FfEabTtMGMiad0zJTm69zNhldMrgKapOpySr9x2CJjLUMqSvTPm2XXcyW8y1ozDBdZhzTuG3BncHq7mVr5qD4getZzHONQzgcGXxW246QLUWvPk869z9u1sD/Gp5Rj4CHSBrcrwbYUWHyr08fFseLdkNh7Fv2y2g2mvHqGYsGepXmO5UdeJdnj6LcYS6i1QTbMziGJr6WM9X9eIuMwjjmF56iYPEp9evsBI6iW+n1zMZlcAfEd0lhT8wKBGgxHK4Ax6OYXjnAa8h5jae1F5mSjWq6lY9X5gDVLPHCwC6LrsNRbv7kdVyNN8wYKsrvPxEMd1+JRvKsYzLbjlLHqUljruO8dbuPt8wwX+YOUMhAUUFpzDRHfMqwoHGJwXvUOuYO4bf1ByvUup8R53weHzAF3jHqFgcw1WUF5ilQbEv/XbiEd5M3hs/AxCLvQQB4CcR7ljuVZdwJUcszz9OPpxv6M4+l5qXqXLxmcZZxLrcu5fceiXHUuGsQcx8fRIKI2k2qOcDPhK0TwK/f0wJcMg0z7xBP7htrnLL2S8lGOr10htTJ4iqk1NIVFfvmD5Bf4g+TohlpMdQWk35neaxjqVa6lNFhZqbe84mac5lsYyzbwFSl5r4i5uvc2+eJo6/hgWncxaKjxMhYVvfjo7dSq1NLxeO3t3NrvL8BiBa7prXoP5iIjnKL+XnRAlFUjPl5P1LyuGsReJuepZCLObl5nMXELYPcfB+ZZyxo+lQr4iXOIazB+nxNTKfXHiDL6l/TiPnEGpupydkRrJs6Isn8STqpY4mRwQxlEu0eovI/uD5qMKTQnMs2ecQ2AL/FSrAqn8Q3oirkKrsirINPf5lhj5hyYxPi1xB4X7x0jeIrOLZi7Gu5ReMfNyitFazNNtRc2yggdyUv6P2msTV0B0cHiWLpaWNuupbG+g2N1fb4gioLFn39vjUvhPHxLjuX95xrP1c+oS+tTbOZc8y7nuP1uOofUuZeZmXM9S+JtmL5lNZi4ly4S4OYM93XEECKJm5VVmWY8Y78x4f98PCNMjiUvKyLMZd9+4ottcy5fCCX6KcXKsKxdJC7Q3FdGl2QBQyXik6jkLKdYlopTOt93MBr7xzim/UKpdw638RUa5gcOL8QHv0z8QaI+h/C8cy4rJWX+jxBxNsAqAGVdVLx3VMaTTweeeIaCBg/AdH5ZUZmniO9xZz9NzBMR3GLc4ixpqXiL6nHibhFg5+nPcv4g9suXU11BLhiady7ueJzp+l1D3LjcWzDOmYY1DhbW4/wBTat1/KvuLWrqXeHcYqyx/uUY6H/j4gJUVm+4nFaYjZdPEc27rPXMBcYaYtap8Hs5nPqFtuPUChrbNDviZdXUrA7hmzjiXYsFmj+J+Zyw8Mv68Rho3KZUtFAeY6Nwq0+Ifr7psuI8pyuWOqnGY71MXmNcTmOOIwfpnncvXcS+IOZc4igRXiN1XM+ZfU51c5hLzBl4hnmvp8zh+l2+OoPqGdVMG8zndTNO4Z8xsTGIZMzXMftC/iWxebluc14XshdLFcJ09MRHGu4tw4bM9+GUYaOd9nhg7K70nEteGXZGhAWzias31KNAxqgROzcoBBIlbC4c3iZFxXiGPRMY4j0y6Hfl8OWPBttHoOg4IQHbFGR8CJSD19T+efHuGzqjUHn39O/ozb9cSvJE+8G4uKlywjGZ+nMd3Pf0z9Blzc5jxHoltblpmX3PU5jqpqa1DmWFT38zgzBilyyfMpHcMbrvK7HuBNoJo9PmUm6icygwqn0Op2ABOeYZq9l7rUbavqzxBpMIQLDH4nYqGb6h4SpTzC9nEq8hd/iVF9A3xDyyrUFtjhMGQ2wmJ7JQDlYXG11kQ8d/q+2UC0NQP9zKWd/TmN8kv7y45mK+mz6aYu5UWOdtRgNR+l8Y+ly8E5PEXEHv9zTH7zR5lxfEsqNfEs8nv6LbLO5zLCyZSzdy8GJfjcfSN4jwxLqYqpA8t4W+4lm+5+5BzTNbCB1yR08eYb3xff3wyqwoUx6mx1cKLueswaBwajTdwKxv5hSY53cO6YDknHAbXxCWRUcnJdv4JSXzHI2l6xM8lBKQ0H+xvmDGAZgP9zKgUam2cJz5nGY/Xf/ZUvEbqc2S+tRjx9GaZXiDLzO5eI/R3BwXHGZ2xbriPmNmswc2S8S9pLw7mWsT5XEhmipvuPeUuUDER3HDEsxp5mcftiuE+Y10y3Vzt/wBEvF/yvMztFRWZgJnO2aPTFYAiblFW2eZQ5/C6hvGAxiY4cXHN00kbW52MygDI65mWVhdr168u2Zx1MYbAM4gvvAgdHn+XwQ6haAMvl7WBrMuwlVr6e/o7hVwOJqLP1CUXcX6J5+ivvEzGfucziONVUepcfL8S8TcHNxY+Ll1Mm5ds3UwOJcKtTI8SmnNxDVX2RS1eWaeWo1NzO5YjwxL9y3zLD8RX3FvFzirsg90eaPifMPhTrkUdtQGlN4zABjmDJfscywW5OkNuYxmpuuEn5g0eTEtmKEOvK9ceZnetbV29wSAtcVE/YSHbtXhS88GdpAnNBKe/10SwYZ+IUSXP1PzK8VM3E8bn+fokNVU8zGbjXr6HmL9HiL4iqs5jFD+45YzFxmLmX9p4fQ5N6mmLuLH2RvzNYsQzCrjymBzHy+YqquUDfMXeYvUt7jbe5Zdcxeu5fMvGJdcy77xHqAnT4IoBWGJhjm4w4PB9wRV3W9uT2QwZU+JXBzUwc3bqZNfMP42zjBx7dEysvKwOh6/mDcyyjI0u3nwXb8HMqSXkWz8nn7cQysrqVXzCfaeI3/5PvNwl+o/meYOYz3uO5c3mYc8x2x2RqaW5jvMX8xftL0y69RdRcZmGpeJa+peIr1MTMuEe0EqODzF/xF5Irff0XGbjBY/R/EWiVpZEW4fn6eKgFpwW9Rlf8Yl58GJzVZDzu5LmnXp/ZGxUYIbe+YHqGKxzbUqM+GvyekM+/UCrFHEQHe4QG3/euY+o8yR3Xjd/wha8zaGNTiGpr1GOvrzn9zc+0xH8/RU2xw4jbHcvMUJucRb7qeGos2f6ie5hFaIXOZcRXPxFPou6lqcx2zFSWi+cy4v0v6E+I6jk3c3OYPd1H3L7jH9Sh7a5ez5lS4dDpNzY3+ojQpvbeJeMCC6o7jYsYqphi2Mm265NfBt9R2q9ukbt/MTUW8ypg3VM/Zf3HUOITwwRXCuZj6OCcRlxzDMahzH2/Svp7lkd+Pp1KGVAn5KmEtX5jLpdIxFAHVRO0T1aC4+1CmhL2MxmPuFGM9xkvVQXaTwymVC+I07i5zHJcaOpbLxL7i8kvH1YYixdQfcWX3Dn6X+IfW9TLn1KIUS/HKfMLFG4oDKCct6g6xZ5jrBlaAmTZu4f8avRKxR8sNMWc7kMdAW/BzKjuNHYbE/KvljDcz8QzNx5+juM58zWOfpqbnEZ+Y31DbAeYcM2tl6QtUP51B6JSoOYu4SGiFer19outHtuWboMUs+SLV99Gfj8R1aBYP8Asy7xZ3Hin7xyAz7uK4JdF+WPD0Vk/UUu/wAZwEKvP/URQSbQxYHqH+5eC/ca3DNw1vfErMWNcbnMeo+OItv0Yy7lziLiflH6X9KmO3Y8LhHcOQPkiKZi3ywvOJcEDT+b4LftMll02vfmBR1qAOcwQJSH2L+UuBtVdyuOZx/2HiDPMrH05zHM5h5nEvH05jEZ0zSxFE8Wa+8cUvxn+5yNBki4yqy76hXxLUWX5YqgKDVg7nHZEX8QJXUu/wCIVdpEXrqL4slq/uNnr1LEt353NI165ioK9XczQDssh5LlrxAuBHmGI7jHqXw8fVnMvM1OZrmcP3jvcGMuFOWjqMXnCtqV+7q4O5vMAPMtnzCxNIrS9/0fEpWSzDAG3aOMXhA9+MKAqoGzb60Hg+n7mSOtfSpeI7msfSszcxGPN63cAvODBb8SiBCt5a+JZ/2B0xtpi4lKzBk92eUeP17lBepWSFyTTE0qX1uCApjmLrUHte5YHk4gKCGA7l/V+TiALB9nxBAI3LjmLVTnEW2XFzGXjMNS+JeYZZqP0DQRc0T1D6Bd0NRz4cCKvMFJrCdvH5fqKO4lHlcsqoLAL2sfeKImMv5fcxb3DSEx1LeSFfEPq7mZU/iO6uBTxdLHsLZXHx3AV6u1nLqUs1jaHYaiLx/5Llxb+l/RTuhC4JfplR9y/MWWwVaLYGVPZKVePKVHsD5RVdiETEpZaviJ4V1FFkVkiEKAYWLgWhAAk7W/iOIhoW4fTx6gFbbOvown+zNnEfqVGPr6XmpxB7+pD8yhFD97cZFV8y1u6+5cX+LfmCxPmbwCzYbY9K9sOG4fwXwUfEDMIdziD9DzLqbmo8R/Mz4PcHhvQzb0RftlooiHg1HFz1leoMLXhqOCB8J0L2kbuH4g2mev+zIUm9QnG9jMdQ/uo7L07giYDeJU6nqpSHdapqIrJR5YtyqSxlvw8xwpY8TQqzpF+BCowk7gJKcBciY7GJbVIp0kPuWAphwzWcJFzpywa3c7A91+YCGLa5Ja6DhwynTlnxPKXbGeo8TE439H3LhHcGquK3AhKm0pEyZfKNF5iaAevTgfAERY4KjFqgvOkP8AjDHGbzDwznENTX0Kqr+nFsrn6rhtANrBFoVhm/qC8eoq4jF7SIJb9Q0nOi4ULnRL0A3bMTRhj9fCEDd9wepUcYi073qBwQeI2IxuFFl7hFwQMlRbQYqYxl/AvcN155IoaMeImX4EcqAeOJWO4tgQ/ZUuGszwMuYP5ndRis1ggfmOEdmDUGBDYxqZzCTFbt/J5jQGjD349yrnPxEl8VNTf0foZiXNn0uGDzuFw9DXKNDUqr7lA6I4yoXY2Plo+YZS3BlQv7Uaaj4gtheZ7+gJNSyWKQbL1L63FreJotpR/MzGSLyxl3EAsoC1lPE//T3DQg2Um2mNwcAcy8GroZeRKrthqqwzh4itbuNUN3FPcHITHEClJqfCILvFZYDhvmIq3ZAMHmUcUSGaF5MQOJcSIKEMlNRFwOSDVSGI1XHcGigwHMXX7MbIEW8MAgJGRJemFpmvJFg0JU2XGYG6b8nkgJSL7P8AsU+itzicxnN9/R9//HGI8fQ/EXUf2oMS9/8AkvkzcYb8TbaKvaLG2US90ZfluXCDn6Pk+t1WI5mIlS36dFRaL7VFe4rpdBzBAteePBKAAAUBAVNByxuOOyKlK4mLBEqNXmVOHmWmKPknoylpiBz8Z3KXi6weYru1d/1GCzTmY4DOfUQcOZ0vs5lQ5eZfkrarzKAFutR7hxCsV6gE0+JfaaemLKUSGYwdPMbUxd1gOIuBDNlRvY1C3AtH9kJOmHBM1WI3u/Ntu/Uagus5myeqiyzVTXmfb6bj9Eh9bnzF7gVZUBmMXo7NB/ljgfMNzn6Xjqc4nMz8fQnXcT6mqRgSqnRGAIFTQHLBIpYXHqPBQcEx7KWxxdZCIq2iu3uM7lnOJcZd0qYCVXiNNxGy1mTO5d7z7ROUWiAUMmiMqGjHzEowHSecGpdZWObl5DbMRVbyGOL1nnqFYedwl5OybzMBFOd1Mpp1Hf2xB7QfeZl2htyQ6thg7HzFgFejplWOBOu5kzzo5dTS8TFSX/Evia8n2PiMVfhMOLir8x6+n6jHO2PuGfpUq2rqYnOKh45irZN5gsYMuklv2v7S5xbhxVf5B8Q9/aH4/wDmobh19Gvp2WMlFsGlmyMe1UzG2DMKAoj01DBFqft2Q8vcNMyycVnMQej8RViys7SnUVveCWS8mCIaKHbPcqTnEZggYxxACOQqZowuJku+pl+BK+JRMuwwqz7jFO3UIN5V31AtkM2wqKb4amVNHc0CvcOYXdxJbhzGK5sjx6mYGg9QZqFP+7i7VpYmq7iqs/iV/gW4yuLk+4S/mczed/T39axA7mtal1qHqP0W4HiXGWd1GCsW/F9y8PUAczZdrv8AVTn6P0N/U3r6O4SDCrDMpW27VmRBEVBXXKBxUUSkDQ8R+3L4SgZ4l6umo2pZPQzLHd8wbWpRxHHuAOG4WA/buZGsWy1+lniY17CILN1DLXmnEdLUt1D1nZYFgF3LRda65jpA4iGAl+ZjFUzBpQNx5tspd7qUKg6YBOONw0WeKnDw0kRoJgMxBQyT2gLsjhFdib8QdKVzFnEvFm14f7nakcbi+GfqPjU9TzxHUHH09TbmMsrLipetcEakUr1EpCfDVn5JI3QR4Cv4nM5hqpxM9fXzxNuIkABtuNWvfKe2UuPqN1mCaVgjPlhQLliOG3EwXMobx8RaQuumIOIPAQbQ/wAyjq1C3PxAEv8AEF5JTFInYwx0+XzmBnbZUISi/MxjyxWYmWItB51GXkE2BxzBoryYqLWBYiVw9SlLgudczUdzjxPKBcTAFXVxKXXfENiytMUCoOpSQ44uZwDocpzAiVkeZ44oMDyRtxcaC5pNSmmi+nk+8SsxWeIsXE0UQyTmPv6XN/8AYWY0NSxS2SWBJRlqT4qMBXN3eZdZhljn6X7jCB1K0eZbrDR/EtkDbNx1mWvPxBBIP0kZB4paUSYAV9zhLlmYGu447HYC8y3eHoIQ3P1Urik4YIGYCAR3NJjQmriUYlbTEtVHcck5v4hq0XKI6zit8wLtAtTb8RkfkQgK+cwjNkJruZU/Eq13olNZD3B4osr0nuDIXyRVQHmo9oTvmBQWhzKMlHMdi6Aal6bkGOepsIUOzUexFJjzV5YhZd8nThr00/MLiEuMTNx19OOPmG7nP15ljuNwpe4ancFsqyU45B7Bfxmj6G7nMNuJQkdTmpxB3jcrH4F68fzC7aDRWNf3PzCysoWaGvvMAOoL0MSntLuVS89xyFOI6u50bisc0dsObN6iWtYEqYEMFy9yLxF1lfzBQqH9yvBMvEfWzPySpFngjw2cMQ4pluKMgq2YYHJjYPCtwRg2ejCRgYSCma55jdJ9o2gxejqYahEvJCUQdEMSzgQY03SyMwNMYIxax5G/EtPCwHyMRwdbhOL8QCsK+AU4YqeaLxkeou4e5fwB/j7RCAnVx/zLusS8v1J3Dz9GAZhlEzkOX4lDIIcUVCLC7wSfYr5JXWvoTTDMPoe6ga1E7AlvPEdShqbvGpg59qlWTWGO5p/K15aiDxUHHuYMHzDqzLTzXEIblSuYqM3wTOPsTkNdwUhk8nUv3mq1FuBFO2V1N7yfuKjezwx22uxKk2MZIi1qarzGmKrbzFAmB9mVrVRylonHWpWD78REqBGfvNG5VmzqoToQYEi+waaSXVQdNP7iaNqfmJmVeogNcmr5nPi1UqjYZjbZ8ysLoju6jZUEj2zz3APoXhllI101jcqgPcJdYZLKCS4CxYDE3jf0qD1DUzWI/mV8QZcR148Zl61TL6q7TNQx4hWuv4giOPMMQzPxNQnMGpzCbsFD3WZfKtrK/QAAcrs2v8zJRYY6mHDCDXUTuhXRBLV1EXodHMKFicsrU2v5lozg6jTDIMuIRuWBTLmaS3GCLF3cIpLIdS7iAVRRubzJfVSkIFTUwtvTNmU6jrL8zZD/AFM+QeeJejQdeJvl1jMuig1fj7S3RMATKSrO5iyNY7l6UnvTLAl56jhVv5gmyK1RpdjHylvC9PDLgo4kM0P3Iz/cKerRRuTkM2kyfmH8xcO0z+bhn3UcTZmPU43HBGUy8dyiAUozM4G24KvlTmK2qriUApBVdXY2BpOOP8Qy6+geKjD1K+nJOrhlJfq+5iGc8ziC0OPBpc/xFhLf9wdKuEiRaxvmHRf4ITF2h201fc0a3KmGkIIELxguGbV4ivQmtwgQvylcWvU46fcvtB4YpbQwqeBuMJykrMNuKJQxLvMbGX9TkU4xmUbK8S0aLxKDBqCJZlqU9DdK3cFPApeX5lFWXgpjx1g6GUeNOCYYGkqcDqCUBKKrL54iMG67hHpm1xUt61fMCzBqmu4gWxtdROhR9mCxxY81EOyIxcg4P5SHRRhfX03U3Lj5+hF4YxojJS2BHZXncoBx/CUFfKZPF5q8v/J5nmUdy7+hruMIFviZAgbMYdRA1dzutTKBePqghJCsqltp7JVMYuEKPG2GLhYwNzV1qMNGPMospcdXDO42kAzEKgB2y6I1x8TqA5alFZfxGbJnovxLoRlzREsNq3zGxxpmAwtZcbms8+pTofaIMQoLAyas6gNUldw6MAxq4UXLDqri2HtD/XBQU8jiZsHqG2bhQ0rF4R7muTOE8MdjTuPAUFUxjPhzeyPlKuPiIoYZSsc2Yl1YWH9Ri8k97/MXK+KnFNT6W/dkmAMGn1ANVpg/S/HzKnMz1Gi10Fsoxbq+OAimhVRtpoqochxKEHBBBcVfl/tCXiC5VQzD6cxnaEsxnHJBTgitpMupXeK1eFgUSQiOo/FTbv8AUCJD+INkLxcsVs5JmuyswijplKbuZOHHb5hVscwuWII/SMPVXLlVpEB16lACYs/aXjRmGXu/3DDS7jdq+Jvv5JcMUe44ZH2gLde415Y8TMlWalYrMwS5jt2ViWD0O4BAs1WZcyxYIrZRWGm4ntH/AIzNQLRWoBUZzUvnQJW8pceg5XnEVC1w+Y6QAKeaNzaY3QNuRlg3HyeY7NmL6bnGQUYwlxLS8y+fMuiM2a/+Mo0v5JZhlcwWUzKvXOSEUbSKXDUW9KF3yDr8zFy30G/UJohDcEZ/qCAjRairaiaAodSoKFihoVAra2trm5u+4TXLCtQ0Qy4hXUf35FpGwj9EFw7FRP6BOICZO5VSHoCK01lm6xUC9XBHBKyplbVxK6r4xBaxfdQBqk9z4jh/UrVFW7lW3ZqE8H2j7P1xCGQPxC+dYO0AflVxK6HWhn47htLqOK5gWtinHuJO5YdxhduK4jAHNc8HcAao0yCgPxDIANMStn/kRq0Lf/IZGbjVhcpq+Ue2Lh04dxckTlys/wBPiUAwBGqcTnx9Lxi5li0Z+8Sn5/4RODMyl1hiAjBbEFGl6gq1qG6gABiM59/V0b+0OJxCVnEuOOT2lSXcbP8AHMpaSUAQKMZe5s5iwMAEsgA+0LuiJqiVjubC7V1EYQTvhhLgeKg6MTBTPUxcMpKxCpVZhasS91LG3EEMuIA4iQUc8w28MwtSwZhXUQ8+o7v8IGQPMU2bisG3rdRgpJl/cHUIVPgw1iV21qBma+TZNnGF4SJyVw2tVE5yjK8yjvG1XXMQwmo7V4yXFNM4X1DFIKOXxxLBkXTyZP5PmK267rphgNtmZoxONai37mWNU61LreDRDlMQqWk6goXvEqzpUxAUgSzFbtsHy/8AE2FRrMNSuZknv6XiPQWKvuOjoPUrWJbWFlXjNXM1auUtz7i4VjdkVj+YAp3uvqblm6iFOT3NYTEQVpcz5XYili0cpLQouLhBa1yyuDmYeIY9QI1uBuXH2i917WDqDEL1O/nmpVdZuHr7w2XqAiPENq/Kozh3xBtWjNsvzoUEFJ1bb5GGIRRsEmXbTaPGJo/1PL0/EbFDY1E0L5qUmLy51D0H9whhpiBEtVyvgxAxjcRSgjW8Qvt0Bc3HCmKdfI1Bvr+oyzuX4h6xqj3AqqudwVRq5icKlFVcoAjV5bmJPwn3FWN13j8WZiL1drI/ZIvUMk+8DMrGeJS6S55I6TGQIsZi7I2qYilqH3LLrmOgVnxCYMN+jqHmzmFiC+0CtfG4RsDyQTOfnETqVruWFDMva4hB48RCywJ2fMEFPmAcXmDtAFVfVy1WHBHZuQZnEvSAaxKcpHmZ5IALqOCFcjHAu5tVBGCQJzcxpjMcyMv2V4uJVLsx8KuSLlFOWLWtVdzYpH8kYbYr+9QY8xQQaMrHsOG0ZgUwiQGsEFE2zYc1BDPueohUADVe2CjdXyIN/iZNuvwuPn6NQrLtKKqviGAnqZxEBwVGxrzNIgHMB9LsXFV/C9TfpbLeSw/E24gWfR1PcaukFsW1Eru5nqNlmH9CIM9+Y6abeZnfzDtljALkAoh3LLKVeXLxAgzEuWKCnqGpFdSoD7yuu5WR0QG1jtY1sUMHGGBHQhpLIWUHZl3Eqr5l1UXeIJAQatTEFHUwayYh0O4+c7KuM2NV+OI4dnmXuDuIwtVAO1HBpSmCFZs6mFZD+o5ui68QOoVX90O1gllOdy4UOEsjMHdzNucjM9f/AFMkCiYGDNxs0Zh6QmTXMt1nov8AKL7jHPzOBWMQhCxCwlYFl5qWWbxFmMAhzzC4k9kINLrwFYrCildXwfFMMYIc5frzVYlDLY3wzNq8VFdlLWYhaogBT4hFrMwLuDis+5cQiWe4JUBM3DHL+2hi/O1CNCsOLuXwp8xjNEGtcZICD4hAJPRW4Cqy1G827irbUvvcuW8RkDdYrqZru+YAoXzARSpUy5gN1qvMA1O4WsTfUrSRxTQYC1VqxTGSH7TA7lrbpMnwGYuBF6YY026PPczyzLI2jRMJnbcnBL1bdO4NKzG1XjM0nhx4lkh3SxAbyCH3lGbxDarUsAd7uqgQ1MFZcXhPcaNaAq8wyfPt7huOJdcxeDcMCA0YHuNUBSh9xMseYdhzWJWwbktjra0uWv6zqUgdrw24ff5wsZpsg54mblZiuJGl/uUd/wBTAW9AqPSoWze7xFY6joMEzy5gUImClvUEtxlakGtcTNtpixXJJvO1VywFMV94CqiS69Rky7z5hMUj9xbGW/iOKbzBQvqpZv4ZWbjWYF/ImlrXhiCEszmL0o8MAFkWEWzTKrERpeGYBauKzQ8BRDh6hBRqAQZepYHZsYkesxTVRvT9EpSq6oSzGOzCwa+Y3HGBSJsmRpq4FACqLiy18QNOr3mBBN2vKApVYUVTM/RMUS5F38RDADXM5yFr0pP4iDENniAM6F9y8QLMQqS8yvmoOAaqfeiJsLNRqF5KgQW0fdmKxswvrEtonVpbPj7tiU9DUyADzBrumDQNnDBpspMsIhsxL4iqTfZVQouzA/ap5Sbz3PgIsc1EBmmOzH4gCQAs2eJmYyejkwB8gtCjoxiFwWzcYkNivMwg1VQguOmKZ4g9yzP7omhRldvLL+lQAe0rFW9OLmhbuICkF8MxBKgjSX1KKh7j8TZLov4mmqT+ZlfbHV9koU0axUtsGRxHgXLEDCj5ZUOrQ8URDQqhzFxdFltN3ERCEoAefzGxb7SF1+GXrF5BEdfozLtQHwZlrDC1R4X/AJCpKHs8fiIWge3/AFFryiaqTydxxQmi6RO0LDir4jsCHCTCXKcNXEGO5UN1cFWkAleCRbQ2BL6jAEKKLiHmaemLUQUNf0k4Fq7Q2WW/m5VdDq6or/sOW8/EozebTxczJtv4idk5lvfEVSku3NVFhRD0gYZe2q8EqDQYlwBmARkWruULf21M0/KiGh/PBACaEh0Z9+5QZ11GF/qFZ6+hX2jpOW491pZGrDND/wBRjmiVKwS5xlGH96itTjHuFWYxxWTqWTWmbFzUuE+Y+RvmoDuWJ9JhAHbuYmBsvNQ5qCiKIdri4I0eUOWn3G/ADAv+Sh/2WOMesStZGvMoaCPRzHip1uVDgPqGgp7TDBIR1leEgUDZ4unkOnqMIe+h/EQoq25X8hnRjpTg7nF4xHBEAC5Q1VDUQFcoxNu1/ENCxHQrfkU+ZbulZ0bvTVLKuxywF087mSLgsCpepTZV9ph2Cg66Yk/WK2sWCWs1CPXMFcwAeICSkyl0pO24FukzTmoNQD4im/lhMvDniJSmngjpYR44lot6nSMxmL7zuA+HEbniaCJoZ2twSF1ZAKU7sit2thmWq3lmYXhi5tiC25SP5YqfMTVguuogm3UqFTgdQItVPMoGyn3NQ+hhxuHW41grcqt7lf8As9H01G6mt7hXARuqLS4K2y/d7ED4mVqis3guO69HxFBowJzjz6UYQFA18uR+LPiAvgZNS6KL8QHB9TZ5jGunlDeabMQ6g3LoJSD4HMAGaCj+o9Q5XnkD2jylMaBgVhdKycFcwyGV46Rttm2EMa94bsmBRzLnVNCUo4ZWfaUlIuLBfLAKrRMyXLAEJFWIHTLyxIhRoEVVfIl63V1EFQPF7ZeUujiOxfM2qObquoi5cwBk3uHwox1AqJs4loBcYj0ZO4AyPTxCHEdKvMzuRlgjp5g0motCo4vP2iNAVqFaAWASgDa5uHouyoEetVsMFC2D6MV/P1TPMLxBuXbENGqMLBoWNhquIgxM/WRBFfMqR+pZmVGL2NROyFnyMNllu+6hShluLtQQWUu1RX0WW3XDGaRVgdmrt6i6oWnxgPvcs5Lx6if0ca5Wjz9hQT1/DkOHsbPiHrnItUwQgeKKWinXMJ0ra44yhXccnHGpeevpXh1AdzgoImbIlb4JV2Fl9RxpiheuDcLpwxh0Q9gYggftEozWMRsVzDFLTxDxcQ8kv2IlO7YlMkvKH+Jb0ZghUzQSNEx+IeXR94GSlbjmVfMGKW8xJTZBY4uWXHMZNm3SREtXyzCeQVc4XnErqFTZf19R1OX33BFC8BW5YGJw4ZaKpHh59kyozk8/I6hzcxQ+LGiOAXKDVBqCw8ePJLpIwd1HGaCI4Aj3I1MtbfcK6WbRna8QqO1PLifzTC5Grv56YLj1rsK+5K72YGX+KMCltr6n77UpVGYs0aYLTGIZVeiYy8xMqr5lKy18XF1MvtFKXunEoaGw6IcFl5nXNajCpwHRFytvARVBe+peNTfMIlrjGYuM/Nw2oNqrmKA5tlsvGYPEyuFqMSUPDUuLbrUvl+ZsFwxh7gIAIvuiF1DG04DxLcs8OI5bXDiYR6gCdYhlRyPuVU8EdXGdzEvV7nxEuNgXCZUQOYULG65UN9xYH9E5mM+3a0+JwglrM4B/MWX/ABaUL8IlymaYczJQ10S6IsVLmt6QS1aFHmNjsepRykl4Zoyz4Gn5JTLjGZUWNYDLjybVf9QzO4WwnCfEKMKL85iV15FBEFU1BapbNttjN8EeH0aRmNUfSFE6CgQk3k5gogrbl4mt51LEek8Q9qPMdhJEIATENaIDFiJsqYmRPE0QpKwMLEAwAzLx8wRROaLhLyy+HSjcCAaThiaOPcWguO2JjBwrHzVyKlURHJo9wI8AjwzHJwExzufiVOa5mOJxOGNqkTh1BaYgk+yDFsFa7TJvRrQ5HuHQhy6LqC9uj9zm9X5SxLkISG6beomhfcn5OpYTjCZAVW2X4VUQDIKdcoR94ao5T7MfE/czhhWW2mlFXhB8wzFFXOT5ULfSTAsHxFqVqqYhGLt7xlFZSJkm5KHc22sRX0aQcC+0EW86mUdEfk1inqXF61wIbThpCdga5l9C+IWKblVXR5oYcYDVwgMPELYUwwG5fTChlhzuIINXMV3jqPbFCVjW2ZgW3UyoCddwUBUD7w1ux6ZXgrKUW/5LIGpyeo0JVhIVeDXmcrqOz1K+/mX3Udz4+nEVMqrcs5vccxxWgL6Sz+o+JHCXn/ngcp1iWlp5yCr+dxgcXGj3+1HO6MS7xZl10ADKV7Ssf2jltftmW21TIUAOc1CdUi4MTXhK+Uc+q0Dh4fvKA5Uenf3iKccS1Arbm4u1qeHpDuhF0hYw1xVQz8dQLsIBA2Q0JcroLzzyzIiYgb0x9KW/TmAcAGHiYV7ZhQviM43/ABQBRSMvc7W5lXTPMYeVuPr8xRt4QigTHiVWSDNrzCClgKDiYdSlV1qZlYINKzLlGXlDpwo5nBOFxH0eGOeZbDrRyf8AYgQ9VwytGz2SgaNnDDIGp2XM8CDoLGY2b5kF0T8I+j7z9Nmozfmc3ucKBN6llHuBtkvJ3KzCY2MM5QRF+4FFG5QGvCf4PaAgblgcA47i4tTUaq1GCGtRW0NDWXk5MvkAeJMp95oFNJw5vy/BEMoGzsYCTijxmvkYi8xafDLetSF8CHSKvCxHizOTUX2l4LlCW4gZmB3nENqWsEsXfr6YPfzKFjh9IRdbiLZ5jqIoLHDGPtrKlmTAcsvQLdwOpTthCNHMTdCnewYl3rgyeeoaqRZao2mhFRC4kGCSzZNOseYt1MWH2lDdDtjKLwkry+DxHTrzCCVLBho0SywHFPEBcjQ7izYN6/5HAWl51KcAxqIUQXiGAUc48xFFXVE6+nX0Me5dnBL6nrmAXx9BCtBmKZCAOpQ8Qmv2+YaDYr72Km31FuWGCBq2+pZLtcEtNtXDZXONtvwxmJ+63sJlYcTbuFv4wfFy4qjbBr4GYGAUo6e/hqCxVY8mj4YriYrR6hHK69FFvS+DvLoTvIMJ5G56Qo6zMPUPIRgvuBHA5cMNsyQ4m3Uu7g3DdEFPf6nDEXaDB8U6l0ImbiBc2OSZnXaJdU1bzB3sLlUrLbNoa7YiaAlYuAmhsuODg2SXqOvmCFgeNwPl7uUnB5uLkByjKLfCM1H0zBTcs9KPMMmZrENrAtn8wUxEILhBZwJXBBA2Pk1M4ceIqiJi5gjYh+YMHqpVa1HDP3Nbl+Lg3xicTc/KbTn/AJG7ucs46lEX/LiS6pJhAo5zxOyjBCTNAUuo2tPBCAxVnQH8peoVvY/7IQEVM8Suj/kUEIYwJR4VffzmQAAPuBhc18ft+kTXdqqTk0xVC+RSdJ5vN+IQlWSjNPChOGfiGGWZP7l61My5SAyVsicaTYph5C1UxXjE9QaqbtxVUuWBBe8xpVELRXoJbsdKgihddwTf/UAjCXAb5iNZ/UFqBbqa6bg3E1t5bYEmzJfUuZdZ49RJCAC6uBhbwJYn2RhQ/MZKNcgxrgQI3AnrdozCyqpmJGjdMba0V1CEedjNVqt2QyK9OMKDr28TIuM5MxRg4OSKg1qL5hz/ABNvmYhK1U5mfpz5hdm4v3lbm0/oJTeYllA7zc1tF1/5FlrOXzFiMpcsBkTFvb/5+0A+DB4QoUg+WoZyJUYqsF2DY+UDBL8gibrwlDwyxSFwjydMYWL1f4VM8Kf9iXGo6CtY8OBXAUIrIAKy0X1TRwkELmJCWFEc5w9Q3gdvuZFNkOlK+7gCqzLDp+8UtduUvs1WW5SUY8x7/aogvFRMAfDLoOfmMLtXqJaS+U3HeBe5Rh8kZUGhAK5THuMWimqkx+HXcMiQ5igoitCyMsoDDXUBx7mYBcfB4Zw4OHs9wiqEK9zK+1bzK+opl6XgOpgDkxfmXNlKulPYVmoWZh195gekzW6vxDJVQMmZ1O4MNfTqG4XmViNztonBP8Yj7JlAQuXmK45/ghrwBlZT5t/g5UMB21z7u46RaDcV0HCYC+LzBLqViTSbDn+VvLxNf9SXo2PqPcE94dP9z0DOXY8MLP4M0AB9ZyekB/QwjOtoBx6djqYLYButQ7oOy1RnmVmJWsG1uG6KBnhHIrDl4mdntOyO4oamjEpqVlCWllx5gRKvPiOwy8xi0tKrmWTOeIXCUlAnWAC5luhvzEUqHMIVu/UpRdJeJqFW+NRWMsQ/hEosrTw/EdpKK2BgKRYmSkFVauNYMBmVJa/1LjhcS3Gs3G1GAmZarIZ4llmtH7MVhTZK1CNipKOz7zmxa6l2VLnYJeiancuOfUWmsRaa/wDUFt/4SHtilkuLnkfM2hN/gDsmH4VU+kPMW7Dl8QTSjMdI5gMLz5g1pvqCXZcXO8CxKV7MQWxmYvS3ky+HmLh3Gz5Rvej56jSUabM+nyQl0LnUyTl1B5v2Q32ngTylJtGx6TmCiJ4jCXRKDQPEQwbYmpHzABjE0BTU8buNeT5gz+plp/7KFQOGBQLXFVuVJzPtLYgQwcrAtsLiCdMfeXcuOyUUs3QO5QCBqDFMQNpeOJcERvMsNr2iBbQILsQnUBJWGEWs8cMXDK1hzH1XdDcDZ6hji7NHcounxK21emX51z5jmZR9rleEug+iqt78TZv8QfczdbeAixMBxBtGXOfiXj1NaWX5+0y4fiYzOZ655lxKW2nmDI3qXS2k4QG72mquZ11LaPX4mdZMB2zMolV1GGZ/pwnVsNfxB8cyxx/BFW8GXw8Q9boKuBvyaYYWVwndygz/AKLIWYoCjkI6TxAsDbT/AD4j7i1WR2HVktmHID+HhhDYkffg1HWDK6YOLlJiUcEGNxKIFHMXMV1cqs/qIDyNXzG4WiW+IyM9TohCVavEV49muJS3hu4Z4kqD6PcvKOWUNyq6gsGa6mbqPsS5uNAEcTyRdpODU3G9uIqUNOojnEuudoV6h7jPELSd/abQu7ruKDFBArjMuxrCy6O/pq4kYUDdviZ1UJo3FovDsgoU0S9U3FiDepWbjEwN8Hv3GZiVVdrEedfiHJfI0O2EA/UgH9wSoADRAQobt1L41gHb+4GC4B5Rx6S3AAMBAYxU818TBMbhXm4L1EFdWPtKPCniLDxPLmGJZSYcJW5nCuqN/wDL8Q0ZNjsi4Iq8LSPCMMGggVg3+h62Y1fFQlgZiec9RCNP1MYKlBL6mVTW+YuPolRVWWIB+SuO4PKMWrdLzAVs4jLXHE0EbGOa05qAxWJ3FgYNMd6bJktccTMxaYGahzMbJx1L1aha5eYgRR4YwB7eRLINoY/3cL4c5g4ruMvQBUdgbRZXDNdV6xL+gD9zEGI5rPzPv7nHmc0y9alhFO8TDAkGAHQwHGQoeIOCqqG6WW+fMFrw9p/3EK5VatrzHtdTgKY4DtiiAhiyuz/VADnoNB1MYK50xwpFsZadjWF9rxD6B0vbyvz9DqVi9QBMzgWIzQDSFicj44jwocPcr1lO/SV7kghpO4Nh9Rm2X/PEdGY8p89QfjemUrgNEC/krSHI9zLkUajsHHL5DGCqipexP4jXDLEc0wykscxqAgArnuVe6lVcX7TcubqxcU3XfcRvarIY5qIf8fM3rJxKC1uvUWhWHcIlQ38y/CnmFTCrMLFENiBV2zIsUyE6Df5Y7OTLT4Y1fgwwlqc/kdQ3e2Ke4LTy/EQW67DqErExOJmly9ylvCOY2hr5mR/f0rcajq8VNHfglQxkl/mPiLRs/ZgnPUqFQDNx8U17fBFF3bm/MS7XHmA9hF6Hb4ijBtWf7P1AnhoSNYsE8QEayz4dxyKpT7PH3mEoB6jpFzlvmIO2Vljpu6uLid8W3maSoagDCjInAaRgblGLStDodJy9ykbYqJ4xcfx0DjvTiGWtCXXT0cm9tSwodf7/ALCP8UxRrOx8w9LyoX04/wBI7FqoSfQ7Dhimz5hNylTPSV4geGOK7lCbVqoNeKN57luaAtPMCfaUMQP0wC65IVaF5ZV9JnjQxBUXUIIN9kQN25mRuIDocLER1mphC5znmABZ0zGBIVOBjQPyS4AOHxMTmaqMBVZXncAGFluWcA5lCnP3MxlWXEus3vj6V3UW9TNMsK8rBd4SKti+YuQTruZhXw6lS4PuzNDqYfaAstBxEo8OoAAeTsDzCVrpaZcA7nQD8xoLG5yaFAGvLKwDanYdsAV10B5HcW3R68S6ay/mUQzAtzUShXOYnmyXjMKGA1jcUMVjW/zrklnl1XIOEeRMrk8yuRdZ6ZdPg86/GkaCwksRzVcPfLjqF2PNZHSdniKGw5TdQSiKiwBg/wA/osxK6GCHpBj8xzLVuKjG2Jds1AyMqUYTRq7ihaDzFatio9R4P+IjOSCQpuA58FSvqze48VeYCeeHqUUVDkgqWK65hsZVSyVKgGcNsQCtI2rEQ8jR+0Gk0VbSaqJfn9teJi6SgLaiXsWXfctcyhYqvTjNSnVgcvREAuuY29Zpb3ua1GoY3D3Nx8mNZZQ/EcDzAWrTXeal8RVVXB7i/r5ePQnXa9SrBddTMY53weImZCWq/wCEFYNCYCVzbLnRSueElOa8/wBRRevYd9dIWBKzitTOLbAiOsXpilt2fEvWh1HB34jP9qNBXUvmLjBiLwE267e1P2cxbsotKP5/CZIUXTnEB1gks8H9fO4fewLR5f8AO5gimmlfD1+mFbsZXi/UIq9vfAWfMfNwcMXQC8Oz4uwiAcOgNj8zBRuU2jvE3hFuzEPBuuEoZy2/uXTe2IpQHmZTcxD0Zkhm7qUAYGCP8ICGtMIRTgYJ8jxxBqS413WXxEUcdkqbA2yUAEWzqVFRshKNllfEuj5LlGWjefEQaGsTCOV29wGW+JYOaAvzmP7MXHzmXncZ4S8MKFjcq72/ExD9yRK+5XmJBhVWvcU27MOV9Hcq5EdHn+kVwUBgBoiomF9S0uz/AF6mSwwHK/qWYgY16vEBkAAMAio/24WdYzqDimq5iKC1jUSvJxOawLMBRU/ep1bMCDxHG8vEpXAdoLS9dcPUWtTXSjfz+9xaNZvZcbOPzi88L8O5RtoW8B7y57fwkt5AKIicU5Hw5gZVF0m4Dzi2IjHIo3np2W3/AEIoNoZZd6/TZ1Groo0bhpqGB3HTHJKg+Sol0GBpY8qygmCqy8RCwmKimKagiq/eNaT5l7rrMHkdVACwLl5GVzApggwWxvHUB20ECtAw+ZmSJgR3MwKqrqLFWy9y0/B9jF1j8szCkeokOaxcsMoq/m5fN0R4v4i5irBGNQPNlEFfDdX/AFL/AHyceo3rqbvBDlA4IIU+a4D2uP3BBe5+CP53FsZum7vc2qHxdyvlI46vmf7MuepxTI/0rzAkOGoEzzvcFbi0/wBo2JuvEbGwwrmC/cqubnNyhb+1y+py1iGuya/RYKrG1gNePp2MdKWGHhnXp0yzkV2RGwwsV/T0fvc1wWLm+wefs8TT2+Bb236c+5ZSPkEUufbP1Bz27Gf5WvZnzBVPXZ/g/X3y8g2EVTvpPSzIs9VFCrzUBBcz5ijAN9jPmVnrITjBpTcZg0VcQUpdXEg2L8ylBMRfqEI05lgKYxAwGm76mkZj4hjIb+0db9N3fiMab4nRh+YUKrbVMbFZkDUqQtnGpnVOkgUoCTbq3TEBfH8zGjo/UHNRQaZ55yUiakMGL49yyPodPiNAwSlquZXhiB4EA/uJ/XP6RweZ2dhN+S8zBzLprVu+IqI5niFjt7b8j0Q8WNphpwHH7QXPVgAcQMFV8x7NxVuz3FZ4Y1HkyY4i5l0zcw+5ziDjxA7i/aG8/MfMGxaN5hezUJ4dQ/8AIa+1RrQsbblDfJ52aYVQqadNjAZJs0nSaSO8As/yW58b6jijLRsnSaeMvMCV2wR6TklXlbgbgTEanEvQGz+zyvIkRb7AmfAWfB9xwzbAp0HD+IJdg/MPv/RAXKc2dy6yd8wvRXH/AJLt4qfEEt3k5ga3OZlN3M2qEmgti5gpeNfuCwiBhzr3Gvdq9RXLarj0o5DUXL3EBDxS1BaxU2rJji3wmCEhjNerXcVWVHFfM7llcQ9RdDb7S7ovk+05VxlwfEZQMRoWsc6feGUTguvbxDnIqD9x6IOXIaE8P5Ztd35upRxBXCZXEsWXwi79Ia1GwM+75hkqje9b6PEAosIMURXVsu7XMZbd+JZnnhlVdfuXj1LCjPmc4+ID4lZz3G0b3HJn8zjMdZqBwjAxV6zKFQQ6NurvPD+HmVxa8OfEcvw8QINMWceE4Yxjim+qhhlYDkP2PO5WxWOCe+TwzHFL2B/jdpaFtqrs+emYknjafE2R6ogk3dvgRw/MMS4yvl5Xl8VAqdcGI/A/DDxf4BLi7B4IgKPKKWKu1gaxAGTdk0M4Jtlylc7MZldlj9xsasqjnkilJ95YeLY9Oq/+RVVwks11FF5fOKi21xSXEwdNLCqtm1tMQJhSV+J62M1iN1hZlWWotUOoi1wIrRiXaHB+Yh5O2W19uCBbwi/fgNqZWP8A2bSvUveJuXyWYoSys6PJl653vPofzERsweRdvbFoDdXojotfxuZJwyibIl2Wh1G6zXVxO/C63HHiOhX4nEcPcSbHub/24L7nHzFdE3HxtgqZlY8QbcY0ekYVq5dtXN3Tyz1FCSqcFvIXz4cx1T7pyWBM+8/mPFJp8f4ajBywBPpr5S5Emac/Ox8XFLWIjdeziGW5eWGICnLv+ISrL3UPAXm/A2Qstq7ZLziz8RltHFA/x1Kq83iwfYZofF2QfME5HHUppgeKgUVTfmNCALVVAIm+IybBsgqVbuuJRnjr3LpaNcRyK8XCoaA09zSoWnjxMiAlRLErf9RvUo+Jn/FcRqrysWyvQJdF/licYeo9jFytRU90j7hYhcO0afZ/EBhGsQ/ngSb9L/2PlqKuNMTnfJqMGQTb+CV8QWrleCG7y3UAdv4mHSg2vXQi2L5z6m802x3xcV32xw/1E158My8M1fpnW6eYV3NfQzcqoNUa6hriGdRNeJl1U9kukriXvzG7sl6rcKoHVyvFf/UD4do+A/ypgbkxwfY4hQRCq5j6B4sz6QeDUZxfHv4lwCmuH5P5mYt5ur4ZfIRS1oqu9O33lKI5T96gKlnppmds7OZfSr6hlBT6uAj3XNyI8Z+Sfnhf90u1uVR/NwKIVyN+4ULdxlzC5MUK7hTG0q72f8TJCP8AvBAFpntKADf85T7yhXrFESLLOVzMKpqI6zBVV0+48W5Saxyse5urb/ENCU1leub3G9iSkfIwRvXSegbvmEj6x0PgjWdVFgOZgcK58RpKnk09sq3q3V0PiZmOEy3g5RYKDl9/pNJ3zo+e47OP7iVxuckNKcniZs4iGkLxxAij+Y13HijWTOorrcFIo+Jk4uPH4lfqe5xOjqXncduAl9XHxcDOJxD3UurRpMZIE46KB5GbbQvxZNerEqS2Lu3lOvJcG8BJZ6YRwbRioCJ5vA8bfe5WF/ew+HTAOg7sCQgKYQCvlj9RnigqntWvxFr1CyF8XQMu0FD+M/iVDPYy/My2MHuciHiASnV+0dQRbWV6YNsC+JhlHcEGiah8mUZAsrYAHxKGyvxL4H5ghoe2Wh6Tr8SketQfMH73tP8ACgRdhxD2fzwG0dg/Bl+8zsTIsva5iETbzMDsyzcybmUoloSfoH3EQ6clI8IGmz8vE58OW33dxWvsuh6cRbXbHBdfaPPEw5zFxHG+J6bjyt2biXl+WXw+JdY+/mDrz5iD2eZxn4l4jv3ODucficuMT1qL9oN/1Nzll5BnuLLLg3N6+cXFDpoNq8tj6Y0dZQWnQuPkEACOMtP7V5LI98Xh/wAgDIUwYUH/AILr4lf/AIDjZ+Y5tTWT7bgFAu7xESp/2FJe0P6iK/mWKdz94JPxL5CXsr7BS3spx+1ciQXXZ/igjTf+LJK+P8CwxRyezEnI/FFKG9Wn8PP7Mrq7mpUGumOn9InaXtv81EpwAFk9YuUoYaj8KKD5hkF5bvnLGxZZvP5a/EKhDhD8Qs931OQrcW8/mZ9/xFE64fwEsaZxt+0OtfkHR8QgAzh9DwRtuValeX+iOLpbrBPXPzCgMSgKCJheDEc9b6mvXmJirji6XJFLA1xMA0qZFY/cwDRfzK7Z7uN0FGc3ChR9yuRhTn8zj7juMtvcNXOUFupeoGWf3HRNmP7Qh/UNQXHqcTYhhXHaT07PiXXxl/BfnfzG0BVoF/aOF9R7cxU3aVo037ikWCiq/fcCjEF5Rcvqd8faFCyemal4qn7TqY/xqPZ2OAiQ0vgfpmdAWYqHawOBD/LMvSQImH8QirRt6AAhLuarz3EhIBsTYNXLUqt3fmXr6L1Ll78xoYxuGpHFlPxAFVmtwCbDcsFFy3tMzn0GUG+tQBRsAAfH0bBxMFXDHfzMcGpwlbluz6NXqcEdIv8Acf6hp5I1Mz//2Q==', '2024-04-04 05:10:58.981621', 63, '');
INSERT INTO `tbl_profile` (`id`, `name`, `location`, `photo`, `timestamp`, `account_fkid`, `bio`) VALUES
(32, 'User#09787217', '', '', '2024-04-04 06:25:38.422556', 64, ''),
(33, 'User#03628795', '', '', '2024-04-05 08:18:54.977356', 65, '');
INSERT INTO `tbl_profile` (`id`, `name`, `location`, `photo`, `timestamp`, `account_fkid`, `bio`) VALUES
(34, 'Primo', '', 'data:image/jpeg;base64,/9j/4AAQSkZJRgABAQEA2ADYAAD/7QA4UGhvdG9zaG9wIDMuMAA4QklNBAQAAAAAAAA4QklNBCUAAAAAABDUHYzZjwCyBOmACZjs+EJ+/9sAQwAGBAUGBQQGBgUGBwcGCAoQCgoJCQoUDg8MEBcUGBgXFBYWGh0lHxobIxwWFiAsICMmJykqKRkfLTAtKDAlKCko/9sAQwEHBwcKCAoTCgoTKBoWGigoKCgoKCgoKCgoKCgoKCgoKCgoKCgoKCgoKCgoKCgoKCgoKCgoKCgoKCgoKCgoKCgo/8IAEQgCMwI0AwEiAAIRAQMRAf/EABsAAAEFAQEAAAAAAAAAAAAAAAABAgMEBQYH/8QAGQEBAQEBAQEAAAAAAAAAAAAAAAECAwQF/9oADAMBAAIQAxAAAAHuQMQVFpFCFRQFRQBQAoq43JLqZSySkkNQnr7u1GFuKSiKgAAAAACAqAgICiAogORAUQFGqKAFO4HLwdfUrGSNtWXwqdL0XnGsnalW1YACCkCKgClIOCAFEFQUCBUUBQArVNxdKjK2Yas1CfqTE6FVyEBQAEAAAAAQBAQAEVAUQFABAAAABRFFEBUAM3RU5Kz0XPUEUpb63h5bPRjF2kEUAARUWgAgVFAAUAFRwBmj+EakrZSkq6mhowAkACgAIoCACKgAAgIIAAgoAAAACoAIQoi0ACoAoiDhAUQMvJ6qpWQsEyO63kH16OuNsgIqIKUgBCoQqCgqLQpSIuEEmiRaozrZXyioQIqAKgACCoCKgAiAIKgACAAAAqIoCAogKICiAogKIoCKKgACCghDz3TxVhrDMj+14eY9EWpasFCkFCECBUAciVF5/azJVlbXV/Xo+AVJQAEVBUFEABABBEAQAQUAEARUABBUAURQEAAFEQcNBw0HDUHK1B6MaSpGhKQgmFu1qokE6Xe6816CuuEEUCoFCAFo5PZ4RUkSvK3sYrcAEoKCCoCKAiggAgAgCIKggIKgQCFAIAIKIg4ag4aCiIOGKKNQcsYOREHoxB6MQcNBUQFEUo1tfIsAS3u9Xzz0JACyIRQa/llxK6pLHsZ/UQqosoAAAgoIKgIoIAICAioggCAAgAggIIKiAo1QEBURBUEFVoKNQURBUAEAEAAAEBUEHIimLJcz6f13JPs9NHllVUcU/P8AXypSs/bl03oSqqAoAAAgAACKgIoIAIhWSwc7kancR+cUT06r5qV6HFwzTul4BK9Dm84fHpk3lc8enp5/pnWGToZsqKgAQIqUAgAAIAAIAAIAIKIDsjWiM9jJK0TLNPTqV3jkx5Eryv66ldyAFFQAUAEAAAQAATP5Czted4mLU2MyEscMKeMUcMBysBysUtV3RDhoOGhJZoSnTdF5zbj0heH6fF0EVJQABAAQABFQBFQAAAHIgZbdDMpwpp6FwHR85JIyLel0FasooAAKIogAAAi45o8bz2fvNms1NRTT2I5ROravLHVPOROppWYh0PRV5830XnzmTpnHLnV2TkLfX3K4673lnLhsP0mLN8pT03nrOUmZFXW9L5hrZd8UruKgAICiKCAgAAAAAAguRr0iuIbWYmyxF1eFu5ACqAIoACDkAVDlx/AMi6YVq9dWF225Pz1GVuas2amLf6TTiYtUVnBdRtextmraEWaQgletLX0mnLW72JJ2acbvwsfQZ/PWNyPbtl8pXsuP3L3bec3o9HKV3nUFQARRFQAARUFQBUAGvQxR5s+KSaOilauaoAqKAAAABRM7zeap0wKnoCu6hW4q5VPG3HQOj3lNLO0CwVoyeSnaNXOlZVp0mcTlBpp3ObsnYyUdHTMy9atLgUN7Okf13n8snomNF0MuDzvVV+evKTp+W3NfufMumy65EXFQBUAAAQAAAUQABpEaVbNLaNFQzVAgApQAAE806rzbWUQt7m96FDBjU/O1W7zEySDUa1Sn3K0kSwuYLcpXCafP0dL2XoZBmx1p4k2W6Reu1n7lRj4JUo6FZcqHTMszfq15O6y8nqk5vz/0nJ5b84mY3c9C0uI7TnXASoACAAAAAikIx+QkA0sn6/lerulEWUUSFApQAa/COGyFb0weh8Z61LHx01DUtKjNRK80REsbiy18hXIwmv09esy+6nbfwnVJE27Uot7G2tLIyKxGo2VlS5LGdLoTFWexNXL66YmZ2mFu52LwnMeneaSu9B876Y61EOegEAABAABRFKuLPFzy8lOq30uDvNChKoEAFKAL516D5BrNZqrud3uv5HNpvYdM6TEaJGREc0Uw/QybhbWlHWtcxbJpc5folXZzbR09nkZjWsZcNaFLYxCTRZrEE2VZNBaxZdSqD8DoKi0uk4PrMyjw3onK8tcToZ9zTv7Gbpc6IEoAIAAILBPiyU7MFvnlRTtb+/jbLQqErgIAWgAy/KfQfP8AeY9bJ6uuq5XosOyvWv09SdauwUpp4CojbZSswsJIJYySyx8slUisc+vIRyVJC6yvOXruPMbmzy+1V7M6Bupjw6uKTvymLuJhSD44K2Xf8/02Lh5S+eFe90eY3MLYGdIACKgIoQ89qZWM2LEFnMCwdbd2MjXulAlURYAWhUacDyuhn9MR+hee+lrp8j1fnptQsfvNfSovJW188vogCNtDb013Frutulz6G9HXKu30sypNNIyYdavVCK9WpNHPt2dBqcVPp6BDnZNkNXetS8PD1/OxS0uf15O+pYjJeeye55LNs9Hx3YJqrVtc9oAIAAQSY0MVnnJJ4rVlskOqPex9lsAzRQoBQx9jhLOXrWq3TLJ2IDZIybf5zqKlz9BbI60rypI5R+mujitmkfLG97yJJ1lrNuBQj0IzNg0oKzaupXsyHWIdSeWpa00Mkemp0mB0NYvFavJZRzwz5rp6kkdRiSIVekx7pq6uRcytoqZ0AgZepz0le1DaxmS5X0KeBtDvc30920FlBQRQK/l/T8rvMDUdrLYZYle1d0msQV9S7NkuNOKB429DqZtq02TNc9kkK4FUqVOXTZfjSc+mpHSs9ObK92t151KsPKWdRnatTUy79WHUkZG01ex8762rPmfsvkMVbUE2a0VCbQy9YHMSXex7b03xrudQBYef1srGS5WsyWdCpYsrlA6a0dbC07vXVHZAAVbXJ2cpXavTMD43kbHsJdzA2LK0GlFRJBZCaC6upoQ3cV7ZaMcX13nHU2dpBNmcO0Fhlj5/tdajmztY7jZawyT63zeI5nqeW6c+3e56Y8FylqNnV1Rb2D0FdD5n3XnZWkidizI15Jo0LcDYkLu3zvUpJbydbGgEyyKdiLEW3BbS2S1rMMtHTUurkWta6h0dTF0TA1C55x6L5VqUEa7eWK5gxqoKqdBTLMr7KjZAbPXll6G7naGLNXsqeTdNqaVXMjZyfL6JHh4vWstZZdArSZ1I9H/U+dk4HWQdeVevZqpnVbNHcvwMtVQvxxV1fnHqHG5vNGk2Kcl2SMufQ2V5I6JiYvX4+7FTUhmh4GbjxWoecnsxX0M7Rx7HE511SsVLVulw+/ztZ3T83pnpvlXqHlkRPifqNY5g1rkLPQ41vUtQzBRsXkKsrrS3NHF1cW/JDNk5yOIs3Uo8+tWWB3g9d2ehbzu5LCqQSMX6fhiqWKu8Q1ZqjNOpYz9yZ9aembuL3Wa+R5y00coxVVWjkGipDUbgWb8vN7Zv81qaJxaytxmK7WtSNxNnE1LRXOumyS1Vn5jp4643r12Y1fLPQ+DM6SOXUjY5oiAaOji7uo6Ft0htyy1VmhtLW08XRw2p6FvFnkilEbIGXT3o+XXGm0H51Tszr0wkMlbpiGpJRsWrLUSvC5NSzXc6rvYcL3fPTgMaAAAhEc2o4JmFDh/QuQ1nK73muqibq+U6teGR1fGZZ4Jc5rZN+hvQB01tYnTc9Imllz1vSZjY2OK3c446aOfcqo5ojVQWSKat+7G+yepJDU1eOwUtRs0ty7nS4utNn3IndGo8akrxqCxEFPrpUSnnyVNy26nNZSra9AmSO8Q9/wCfeg89PQMaAAABj2RUi0IyOjJwms9vd887xbHW8l1hwlSxT55uyQ2GcurNW6baONOhprajn5Y3Vbmpa8tZbTpOYyPQcnThWWquoiKgbOX0VSojLLWJq0iWxVSr82bOX4UgXV1OR28Npar82dayliOKImgZGFWXOsq1podx8kEResU7YlvUpUdNznR8tPQXGkAAAWORkIx7Shwno1TU4TuS4L1XMdOee0tWHGUkipkML5+mr5tlV4ep49KeX1nMBp5c69AMnzWK9pyPK+m8HvOYk0NmxdWHUS1nBbdFGV1e2rqZ7jQt0HmpFUuRr2caXN2FoEtxlSNLVJlOo66GpHLDMVL1ilVivHaNfXyLlV+hydblp6KnPQAAAAqIikrR4MVQj6Lnd6zi4WxotCWC1OlzOtLxMaO5TrIZOZoppHISWalaW7yuzLpMlilrtESDN6PH1MWncg6ZqrNHYsULyF9lxWtNeNjneUNe3JEDYIjVrT5xK2RqMuZ9ReizH6Zmvju2srRWDUnoz0rLFszeio3uOnCGNKIoACoAqCiKIAER72Du2cHVdFUUrdg0eignpxiFm8qLHMwdbw5d5TsM0w5q0tdJPze9LHHJHI/ntDG6RlaKvqSMtzpWlkWmD0GslaP0mPgzI7ZTuZO+V4KchI6g81L2Vasp3tPLXQxdJFpyVbRNMxS1LQs1a2sXZ5aeIc9AAK0HDSHCFKAKgRHdx8XUije8m6+nu0lKzyaVDVLerAkXP0FOIvPhMjL7HAqjPVcdAmRrRi4url9MxW5ymtcgxVRBFSm2ItSJMS5nKW61pMrbx7pHX2cUHtkq0VtQnvYPRpkzT0moE0oRbSWKzG6kA7e5vpOWnCHPSggjVnRkV8SkqE04RQpMxtBgiL0MPVUouWlPLg7ImELbCosyKii8T2sVvNmfdjIyu0wqyLNVpYryyakMc8WpGj2A1yIiOKsXm15c6J7LH387TMeeKWNBtTXOdfZp067Scbr2MTQZPVtr3KNxZLCsqaavKLdo3eOngc9CCDbNawk41bmq1jc7lzK1WwYrqbtP6eh6VUZy09pb+kAgpZZAkABQKp8j3eZLjWsi6UMDuqFchM1lk8bZ9KyPbY0c0VzJzSx9znyNB1kOrkbJmtsVh9yoRs830dCs5HtNDQxdpFdm6xHXtUGugkoWtLDVeR3aVzjp4HPQggRvbI0bm1czI20rS0R7tvZRqrXpecfRJesEBBBRCrShIACiKKItZPOdxmLjXMe3F/iOw168yZt5FOdWXUkjnRIJ4itvA14TIYqWJuZuvLl0bFclQVLOniaxireqEOrmWrLlW0g6CS4t61Hc1ack0YlqvZ46cBz0iJnl/OossexqCknQmZ1FqRBFoEvPsq0nYqoIICBCCmlsCRUFEAFVFARaocn3ldeXfUljp8WrsVwNb1nkbORfLFTpKi1Y0cyVLUQVYqRURrhwqioyzXQ1crVz1gVGGvdyta5JK1q1Xz2FhbahKmpiR8tbdHMXNexracR6UUNXodZKF8RFbDkS2MOvrVT6tSEQBAQEVAENLoEgACgCoCoAqtcN5fqVriLO1zMupuc086PktfZs8sreu4Fefxb2RTJYULKVEstMimBQFgsJUlirLFNthag2cxTSlyQ2I6D5Z2xpEgxksqW9mOb1OvvRj6r0BFoyXM2pjVeyb3VLSvqkDXNAEBrkBEEUaaXVRQAAAFEFEURyAKgKgHOZPdRHJzOzZd7V5t6dXTxtEyMH0aWvIKXslOvKDv8ALOVXaqVnpeCk60hVW08qPtPKjrbYrr1uscNa7i5LyO3phFM0kVIaJqUMygaOfS3FxOm0VQQBEEAEVBUhEVEEAAKuAUACgAACgCAKAKgAoA0F8w6QCWMITXCzZQKEAcwBGhK2MEWQFf5yCcn14ZehgaAAigHPAQvCXmroV3CBABY0AQARAVAIRAsAIaAv/8QAMBAAAgICAQMDAwMEAwEBAQAAAQIAAwQREgUQIRMwMSAiMhRAQRUjNFAkM0IGJTX/2gAIAQEAAQUC9/IyK8dcvOe+aLQDtdelUrTKy5j9Npqn8fu7saq+WYl1ES9Se6MUmJmRHDj9zmdRVIzM7AdrLEqVP1GXMXp1VP8Aob6K7xZj348rsWztvtjZZU1XB/a17tjrWmdntdAN9ze1j43TQD8f6TJw67oxsoYee9NxrmPkBx+0yL0x0y8l8hwO1li1LVjXZkopShP9Myh1uxHolbiwdq3apsTKDr+yy8lcZbrXusAgEtu02J0/i3+qysQWRH+7sjGtsLJDqPP7DNyhjLY7WsIBOT5NmHi14y/6zIoW9dtU/ZGKNh5IsX3s3KGMju1jz8QiWZz01JSn+uurW5CGofsjtW+JkC2v3MrIXGrtsa2yeEWip891VUX/AGFta2oQ1Fnam1qXx7Vtr9q61aa8i9r7Z4UUUtnWKAq/6/fe6tbkHJH7YeQaLFYMPYJAGflHItEEqrOdaqhF/wBfub7bm5fWLURiexnS8nifY6rlbME02XdXWtSf6/f15NfKI3IGD56ff69P1Z+T6FXz2uLO2LQuNV/uL19N+2JcaLth1+h2CJkWtdbLbPSTp2L6Kf7kgMNem/bo+RsfR1bI2w8zYnT6jfb/ALvJr5orchKnNdmOy5FPbKu9Cg+Z/DIci9VCL+2LAQ31iHNoEPUaJ/UqZ/U6Z/UqIOoUGDMpMFyGch+8uX07YZRlNUnbqd/q3iW2eknTsf0KP2dl1dYt6pSst6u5j597RrrG78xDx13aBiIt9iyvqFqyvqkqzq3iurfuLU9REO/ozbvQx4fMxE/VZn7G2+usZHV0Eu6hfZGdm9tRoE/TuVXOso6iQashHH7a8cLe/U7vUyBMhuFWJT+no9/Iy6qBl9VdpZY9h9wGM3j6gZuJdxlGe6SjKS0ftLl51p8TIs9Gjthr6+b71li1jN6oWjlmh9oeYQR9SqxiYl7wdOyDE6U8/pI1bgXJGVl7biWFDiZ8Rw4/Z2DhbOsWRZe/p1YVPoY3u5uamOuVk2ZDb74uFZkH+jWT+jWT+jWT+jWT+jNH6bWkOIm68Fd0Y6LMqlOA6eZ/T4OnQdNEXp4EWh0lWTZXK8tLJ6auHRl7WUV2TN6eTLK2QwGYuU1ZouWwfssofaJlWercPARPWz/d6l1BaRY7WN2xMOzJmJ0uuqBAo+JdlgQXuYLHlju09MTUQRftVTyM1NTUAnGWVAixCkx8gqarRYHxwYyFe11KWjM6e1cPgzHvao42QLV/YsNgT5PgTpKH0fc6pnioMxYwAk4HSi0qrWpZfetQuyXsIiQdjFlaTJbxWvgCDjPHYCARllqyxNSu9q5j5wM2tq245XvnYIYMpUzHuNTY9wsT9jkDVqzJ36Naemnt9TzRQjsWMVSzdM6cKl7ZGUFjksTBEm4WhMScuFS+Su9M8FkLz1NSuzzX90IjCWJLEh2Jj5T1zGzQ8tpWwEFTOo4fMEEGYeR6T1vzH7AgQSpefUPbzLxRVkWm6zt0jA9NYSBMrK39A+R2J7V/OUfFYmvFnzynLyXlLndDRjCY4jrLEhERiswsuMq3C2o1mdUxNd+m5EB2PfZwCg5N0v7z7ROh1XKN93bo2H6ryyxaxfkGzueyfMPej5vO7kEPxdGbzzifcaUlI1Nxjo7jCOIyzhF2pxMnUR1sW+nhGAZc/H9GyI3FsS4WV+87cQzbO+NfTk9PC9rrOT6VB7YlJyLqKhVXlXipXYuex7p9NHyx3dXN+LmhOzXWWNdWpUsE3H+ezTW5wnpRqysxbyCjCxbk4PmUC+l14sJ023jaPI92+zbATI/xQND2WPFeo3etkduh4vp1X2CtGc2N2MPcnQ3CYDNyn5H/AGI+iz+Mh5UORr0IkTsTD2aExYIkK7FycDhXbly+pXOrY+miHRxbPUr9y9+KLAJrdvtdXv8ASxj2wKfXyUHBeoZHOys9j2bsPnhyno+CpB4sYlLkrjqqpiiXA1FrfCI1z04yAW4ulqbRSbhabmjODGejBSsWlYqedS9NitvStx35JlJxe9eVLjTidKtn8e3kvyYfEo85/tdcu55Hb/5/H0nUL/SqPkodHsYY0qlb/cp8cRPCxTuFvLvxW+wuRV5o0gqsr19hluP5VG4uxWNfFuiW6nqxTvv/ABLBMqudPyOLXLzrnU8cpdMR+F9Lcl9q9+KfLCGY3EdT9mxuKZDc7pr7sRf0+JlWG63sp2pm5uEGU/B8XQvqc5W/GVNLTuaCys+eUDxbZ6vgZB3VYtqNjFbaxqIiWLejU2VN43OU5zlNxxsXDg+Df6tWSum6um6ZikC+r7X9rKs2yfI/I/OGP/0fZ6m/DE7dLUPl9SfhTqEQypvtPmCsmcQstJlKFZb87jfCzcrfjC8dpUftJnqCB5zg+a7CsFxgbzjN5yB6gqOoWhsivOfgPOUzPx6ZbxvuHKvKTnjt+QmO4Yeza3FPmVxYBuYg/wCf7PXn1Se3/wA9XvI6rBDHEq3zAA7NG+d+H8xT4belTcFcKGaMaVfD/CicYDF7K0R/FTaKlXhRDLMUEXVPXPU1PW3PWgtmQ/2YH/aIw+7LXheJ0990Utv2cswRfhfwRfGIP+d7PXLOeS3b/wCeXWPm1+pQvYiV+LNwvOUs8hTsFu3HcSuBZxhSWVagXTa2VrnCMk4ePMZm2rmVXyrI2a7dxDuXAMlmL9zY5EethFJEsfYwViNuXf8AZ1asrkL8dPfjep4v7F1m212/86mL/n+wx4rkv6l79ui6TAszccSzJAtqcOGjJxAPIXb0CQRPiL5ipK0gWcZqcYVjUgwVAThOMKwrCsIIixVBBPApl8Ti3hhlZhd8Z/VXjLahMlQs9VeWPkoCOpoI/UeTWombRdV6VgJVj9y0NyX6rTxrH5D5Hzr75h//AND2Oq2+li/Mb5gscL2qsKMj8o/kDaEHkGXUH2zwZXXK0irAJrtqanGcYVnGERhCsdYdiKXaOoSDHJXHuAW0btxNrG/6XsGuoX8mnLQVojbfBs4Pcedmpgtzxq24P9Wa2gsriflWPvgHDrnsdbu52n4Amu5lY29dfAQrsFCs/ICKn31pFXvrtqampqahEIhEYRhHWBuM9TylrE5DgW1Ou6SJV5XqtjY7QzX2iJ4bf2r8ETCPC2weaH5L9OS3KwRPiqVwxAw6mPrvs9Kq1vUss+F+DP5iqXaihaQxg7bhE/msea1g+sdtQiEQiGNGEtWKuoreLK+TaKyi0g4tm165j+tjz+R+MPiI/ID4g8FjsV86M76LTpD5MHhU+E/Bm85DFcRvy+rrGRsyz57CGYlfp1lo1wnMmBiICDPERJUsUdtwd3tCz1CYC0Baeowi2bhjTPu9GqvMsWzYZXhhfU5mf3DF2J09ofvqvXjaiM7j4Ef4o77lbf2rBsL8d8tvAg8man8XPqwL6lOE/qYn05Nvo02vzef+zD8CJ5d31GsinyNQQ+JT5iLEHZzxW7OtNmBf69UtfQ+SBBAPHGFIh8Gda/OYnnGcSztuDcMwTqVtM/8Ayt6K/AjfGOOxM3A2lcTHba98o7cRPlfyA8vLNl/W9FunfYn09dt0vYfkYYJvUrcWLwWGkGBCOzTGEQRe2Z/jzobfdLTtlHZIDF+HifJnWlPKYy8cdxLBANwCN9sQFjQOKi0Vpc/qWtFghmN8tD2t2jfklZ4W98j/ALf4QeKR9wEtP21DahRvEb/l/T1p+WXC2osMaCGV8uSLZpFmQNBDsMmxR4lcXtcvKqxeL9EUbPw35pDoQMJyERgIzblQhmVQLkq6aFfWo0snxET7XSc2ExcjzfUuVRanpu0SDt5DeoZzE2WgmKeWI48oeS9rf+3UHxWvgTKOlrXSIftQ8X3LMlK5/Ua91XLYNzPPLLKwKB2MaCGYlXBIPh/vm1ENglTAtVFgmpk9NW58THWis/Dfmh1HHKekIKYKp6Ur8RoYYY8tmzBuJMmzguFRyKV8auo41jZP6PIn6HIn6LIn6HIgwcjbYzmNhWz9BdP6ffMKh6qXpYymqxU7WD+5rz/C/BmZB8VzReu3I/4+RYzmdNtsrbf2ZB/v9zD2x15W8pyl1n2LyaCmNjBpXWa5WYsXsOxln5QGCCCEeB+caNDHlnblFcy4llwELBUmhNTU1NTU19GxNiKSpWqvOrsRq3ZfOw0H5CGWnle58jw6ua3vHppfNTELG4f9OR/3z+IYe2H+THbcABwSDjo8YBKjzCeGrMX6DLl7AwGKYpjv4SGGNGMaWQmLX50s8McdOFftEy/qCq2PnJYwMxrPSyOsVDZgXS0+TG+K/N7HzZ873LBzW8EGdLx9TmNZfjJn8dj2xPyRfuJnKBGMVJZ9goGox1ZUYpgg7kSyueZuK0BJir2JjGMYxh+HgqnpoY1HnHoqEHx7D7C1FiucxGNDKGLUn8Orf4stP21fjLjpKfiZK6ZPhNsrVpcExawa1nGdQXjlT+Ox7UPwsLAjySqBYsJAH5N8Cw/fUYrQGD6NQoDPSEFYE1rsYxjGM4h8x/ELanKKZuUn+8PZZgsDBpYoZbsOxWow2YoPB/Dq3+L/ADZ5K+AZkn7f/G5kL9v4tsq1AX1RWs0om1nW0/uT+Ox7GJYyzGH2TfEctnegz2GDlyrMRopgMH1H4m4TGMyHh1BD5l41FMHwTKPNw9m4bKj+4Za6JK2Vp/H/AJ6r/iQ/kO2R5PZhuWrqfIDarJM5TlM5PUp1B8fTSnOz4CfN+y2go3sqwg1BqAQHURop+nc5QmEwtHaWNOW5uAxtMHogMrr5yhPTyh8e1k2enSxLsjtU1bck/wDHVf8AEs8RDsp8y07Y9g3JclYPlG9OyscZxnGcZk4cCxvDfRhrpDEP3ZAPBXawhYOM8QanGc2U12RGm5ubm5uEwmEwmOY3iERT3SXUcZincyK9Xj28mv1KrFNbVo1zVLxU/h1b/Eu/FQRKj5tbivbHxHtro2jFeS2fPyob7fmampqZmKHl68X71rzf4HyB83P/AG6l4gnzvUBimc+MYs4rcqarIGE3NzcLQtOU3Glrze58TW5plKtEmOVKnGNVmS+rB8e0Y9atFrCxVjfj1b/EPwyeKxqWtyYyis2Wc7FnV6/TyJlJ5X5UlHxSFbX0dWo+jDTSsYr6Mfy3xHY7VSYPE56imK2oyBgn2lDBqaE0JoQgdntAllpM3vsBscgGrXlHCrKwS1KGAePS/uD29TXd/wAerH/iSx+Id9oYJiIa6qU9KvIpGRj4rHTVq63IQR9y17aU2C6rsZanqJfjmtyvateNRhiuVnOEkwnUFwjWFog7B9Cu7lPVWLcBBfyPqanriG8T1txzzDUtqCMNSpvuuxlsXH5LLfUa2qI0Fs5Awe+/4dX/AMQvHcGMdz5OLT6lmMvJu3Va/RyVMza9r+LNKreL9j2Kq0fCpYWdOpVX+DCIF7M2odsQkAghmolZ5V47T0VWV6DXfhvxzheC4RLIVW1XQ1sumgq82WenXV816hpqeNiiDFeelaGHvv8Aj1b/ABWI7GKJRT4+B2vqXIpxyyssyKfTdDFPE4tnmGGCD4zLI3dmAjOTFSa7agmoF3KqwsewLHv3EJ5Mdqg5TQEZQ09AQl6jTbueLVKlG5gJ+ZWKYGgeI0LfaPff8Or/AOIQNsYBMWvjKKxUktsYv26xQRK25i6sXVuCGB3FmPd6qtG7M/FHOyxjNOW4EJgTUH0fyPuNaallgWHblyBCNIj7jHRNuotm4rbnAWq1Zqatow9RLD5SCDxFafwh8Awe+/49cyAqmalCBji1a7ZVmhbeefY+QUOFlzLp5iCIWDpYttZ7ZLR2ljwKWKpqa+k9qU0LH4hm5t8L83fK/DbjeYng61KrIVFqFNGttTKrgMU9tQRTB8D497It4R2LN8xE9RsPH32sbiuZdoYuAHp75+N+qoxbOSzLp1Pjsjsjhg6zJP3OYqcoF12P1VJufitzcjX+Vn4rKjsXrpyYO1UfYOM/lk+6weazsWVaYLEE1GWA6KN4+rzH8zz9V93CEwwAscTGDT4m5k3eMKk5N/09VxyrVOLEmVR6U/GbldnAhgy5X5ceRA17A8lRoZD6Eq/OweElR0XXmrrxcdlOj4YD7HU86V/Ejg/5LxiCa8cY1cUa+oyo7HZhpu99/GHsNk4ePyiqFEyLNxt5V9VYqr+rJq/QZHKBpmY3o9vINT8Tk6eIuh7FKxvtVjvsn5N8Dw8qbcyK+Q+O9DR6/UrxLNGwcbHXklRgHZTsCajr4H0mVrodrfy7X39wCTiY3MooRZfZxmVbMDH/AE9f121rdVxbFvlbambiGjt8QffD7NYmW3YwfP8AFnhxFOip5DKr4kdqzp6W82j07T/cpVpaOLVNGXwvjsph/EfSZW02Ix1CdlmCi242d1BY4uNziKEWX2cBlX+mOmYvH2szHXKpqdkcHxVYBM/BNXYiK+4fk/Uo+6sblx3ZDNiV/GQPvWGUvLV9SvWiO1Ly0epTh2aNy+nY33BDFbYABmpqN+I9my0JGYsSeyoWmJi8wAAJbYEGTfwHT8U3P7efiDKSmw8pRdwnUOn+D9pIiNqeCPpr+avxf8oPxMo8rlj7h2B0ammYmmmpSdNU0b+3bW4tTiRF+am+wGK3j5j/AAPrZgosuLfRXXMfF722CsZF3AYeM2XZ8e7n4YyVptJaY2QaTmYFeQltbVEjc8qQykuvE90+avxtH9ww9qR4y/y2JvtS3lxzr+Dub8o0tHODan1W0Jjp/b4TRibEfyB9JOpZkQnf0UY5ZqMdau9tgSZFwrGJjPmWABR72fhrlLXYyvKbmpayunOry8GyhoRqIxE+1oUIMXwan85lc8zRlNcXwLzzcCaE4iL4NbTIUBuIhWVeBNcp6crqAitAdgwfLn7B3J0HyRHcv9FaF5jYe4iKg7XXcZkXioYmK+U4AA/YZmJXlpt8eyVuyNVel65nSw8upemfM8xXIH2GGviB4iP4elWgoAnEAXPofQZU3ixeVUMVvNcatYKhPSacXEVisDwwmCPYiRskmMSx7bg2xx8MuaMZa+58C2/cycgUzCwWtb69e5kU15FdtVuCykMJRlkSyqq9cvpREdXrngwxGKz1BFIM+5YbdR7jr5+kxTpkMuXi/apvA+5FMVoHIi2ReDx1pWPYsa6xu25ubg8tTiM5owlVQAB2ssVBZY1kuySWwcAV/tvkZXT2qNNy2GVWNUashbJdjV3TK6Swlldlc8GEETxFZ1HrQGgz0tw1MJrvx3CIhlo5J2rOjS3lvDK0Nyz1jCzHv8TfasPZKsFnNGEqBVCDsTqW5EsfiB62c2HiV4y/uMvCryo/rYbKwdZVkPXK7ksllSWTI6TXZL+n31R9qdAzie2hFLrPWunrmess9ZJzrMV6xPWSc656yCesJ6xnNz2Hbc32HkrjWmUdNETGQT4EPazIURmLS/KAmN0+y4oi1r+6IDLkdN0fXZG5+PmVZNiSvIreGWYtTi/o9bS7pltcei9JyE8fTqampxE4icRNd9wHcWi5omKxlXTdyvECxK0r+g/D5CiPY7y3ISmJXk5xxcOrH/f21pct3TXrP6goykMIlr1xMwRHV+z1VvLMOtpb0hDH6OY/THWHDsE/S3z9LkT9PkT0Miehkz9Lkz9JfBitPRrE/wCGso6fyRMPUGNUIPA+h7ESNkxizy7JqpinKzJi9Nqq/wBG1aXDK/sZFB5Vd8K12P0kz0amhw8cw9PxZ+gxp+gxoMHGgxqFnWLrOQn/AM3UlmT9dtrlh26hdYLOi0V2P8ex/Psf/8QAJBEAAgEEAwABBQEAAAAAAAAAAREAAiAwQAMQUDESExQyYID/2gAIAQMBAT8B/wAFOOOOOOPbeN+E9pdPAensE5Xpnt5lHjeE6BgOgdcZT0dMdDOdMDMdkdnAcdPGap+OZVxGnOdLipZg6+RKwjcLTBhOPg+YBFFOT9sagwnHx1IwGfVDUpWWXaLnrDkIn3YaybheIexsi4wWC5aYuUGo4447h4g0zojxBY/AHZ8EeIPEHgL+Z//EACYRAAEEAgICAgEFAAAAAAAAAAEAEBEgAjADQBIxIVBgBBMUMkH/2gAIAQIBAT8B1T9HP0U/gx/NIXioUKFC8V4qOidEKNcIjrQ0qVLQoaFCKlSxG03hiUMZQC+LQ5wQLEdIIsMdpxlemI1G2Ib2hjYaSJQ+GOk3KAjULelmP9QRuUEa4sBJ6Jb0WNSwRqGx2i2ftiK5MEbFY2lpUqVKlpU0y+UNARoKCk6BQmpc0NALmmXKMV/JxWPLjl6cOEdBeEXFA5py5eIR+WBgrjMi2VixtCxuafqPTSpXF/Vw5rKLGoRQ18uMhEKEMJKwHjjDhsjFocsKEoaDTLiBX7Cx4wLZ2BRoKjRCIuKZ2CIQRYWB0kVArnYFFigNA0woUKLcmmLlx0c+niOjydMdHk6Y6PJ9JyfScnVl52ZKO5KlSpUqe5KlTSVKn6MdD//EAEIQAAECAwUFBQUHAgQHAQAAAAEAAhARIQMSIDFRIjAyQWEEE0BxgTNCUpGhI1BigrHB0XKSQ6Ky8BQ0U2Nz4fHi/9oACAEBAAY/At/O0NeTealk34Qqx2jXRfZt7uz+IqdpO1f1VMvGfaNrqp2J7xuhzUnbLtDgplogDUaKbfFXezyc74uSm4kk6xm8yX2Dbln8ZV532lpqfuH7RvrzU7P7Wz+qpnpg2qdVofDlzzdaFcs9mz01wd32Vl92q7ztR7y005fct4bD/iCu9oHk4KkdWoTPr4W8/wBBqtrLkNIzcg557ux/VXbJsh9z3XCYV6w2rPm3RUjNvyX6jwdav5NRc8zMe7shftNF3najftDy0+679ls2v6q5aC6/SN5ua/bwOtpyCLnmZMe67N+Z62av5u+7dqjhk5d3bZ8jrEFua68xv9bQ5BFzjMmE3ZKTNiwGbtVcsxIfd9167u1y912sQ5pqFMeo3t48XujVFzzMmBc4yU3Tb2cfVBrRJo+8br8l3dpl7ro3moObkd2XvyCL3f8AyF5yvOm3s7fqg1okB953Hru7TPkdY6tOYQIqDuZmklT2Y4RCZWnZ25nVBrRJo5fesve5FFruMR7p52Tl0Vdx3Fnwjij3NnRg43IMYJNH3vfZxj6qYjI8bcez7R2X8xFhY1e76IMb6nX757xvCc4hwQezhdhLn8IzTrR3PlpCebjkEX2ntn5/fRByVw+kTYP9MPctybxecCTkEe0Wg2BwD78mOIZRDgm2nPnFz+eQ81XPnBvZmZCryg1gk0U8PmquC4wuJZx4lxhcQVD4yfuujdmY3QdhlIXufLzW17R9XeE2nALZqthq4lV5VVOSqMVCuIrNbQWclQ+IIXXA5w4jsthIK/nY2OXU+C2nBSs6rOSqSfBUKAf4iYydgujhs6esKcb9lqbZ88z5+A2jVSs6BTe4nw5qtrJZ+FI58ovtNBSEgnWn+HZUbv5uKLbH5q84z3dFUYqNJVLMrhW05HaquFVEZtKuvVPCHQ1gyy/MYOcMzshMZzzO+/Eto00wUouJcQXEuJVetq1WyVVUapAVxUVQFtBTYVUQ2mqdlktoRzp4QO0g9+pgxh4bIXnef+5b64yrleeZmOzkpvqVshVUmLNZrNVjNT3ExCq2FUQk4K8yoUjCiHgiIzOTalOtXcVo6e97uz4lN2cJDNX7f5KTBDqtBuLg3VIbS1U21ES+z+SkYTHqhLwRlzhIcVo66P8AfyTWDJolvLreJEuzhdaJlX7TijJuamdxNTO9zVVNmakYX2CvNVhI8Pgqws28rJt4+ee8JKL3R7y1G0YVV1mW6a3wEjCsO8ZlG47Pl4GSa3UrtFv8b5DdzKIHCI96/hGUKlGWW7lohE7ykZjhUnZLpAEUIQOvgbR/wsP8furIaie7uDMxDB6oNapDNbW8d4GYVV5qSI58lIwucnb+Qg4D33NZ+6A0puiSjHvHcTlMqZ3p88Ut1WEwpKYzh3jRQwmMwmu1304djZq8u/T+N2ZZmLW8sypaK6Mhuc4ZKtFMlTvVj0VQps+WPLcAroU8Z0RgWeo8B2f8NjP5z3d0ZCJtTmURzO4miMIbCSqUJLaWyUXMIhtU3c1cdEkZQYfQ76ULUDJtmGt+W6cTyCe7rCQTegRO4IQ64JqcZ4c1dtKrULIKoqpctz1CnyKDhBk8pqm7lg7T0EvpunRY0iaDRzxVpCiJdzQOngnt95uSrjmparyTx0RgDqJ7olThOHbDynumt1i5+lE3dyxnddVwrZMlXCUDCScIS5tKIO5u4e3+Y3QbpFztSjqN1Tf0jVZwIOWGSE4FE8jWF3k4IHckCIEO3flO5J0T3RbeICLTaBG7wqYhNBUVd3luqFVop8lJuSkc8VAp3UORTmTnJBw5KYyNV5Yzi7T1s2/tuTqcEg8yjSEl0hVdPBZKQUveV9lToi0ownpC63DI5FF2sJHNtNwBi7Uz8H7DcizGQxgBTOcaKqkfCTctigVOcZHI0Rs5euEYJcnQlz3JRMBbcrUtHzbluHOKc488Um5r8XjJzwd4M24pRBU00kza+mEnGy0GdmQ75O//AEjLH3TYDDePEYUz8DXBTNTcZjRTHPBQQrB7TzCIUmiZ3A85LyrhAx2lnrP6j+QFYu1aMTnIuPPE2FFXcEo3XSCB5xrhnFohZ+WGuB/mqHAMDf6pwlpjEShzJI+U5q2sv+naluJrMdF1hTcP8oPbu2nlBg6bgudkE52u5keSB1GE4Sp9UeoTv+7Ztf6ihxEabjYzW0qqeNwRCc4TnAxzhms1OF0qbjhmpzXSBHPkrtfXDNq2mkQpCzPSAMTiCCsLT4LS4fJ3/uFSswqQtDCuKZzMa5RphvZK63cy3FTCV3NBUKLrNs5r2a9muD6rg+q4PquEKjWrhavdRa+WapJVbF2ECBCtGDNzZjzFU1494TVYBrwZclNP88YjSG0VRyrvzu576bDIo5MtmoteKhFASyUogQ+ia8e6Zp1mMrN0h5GoiwTK9E/zxuKkIZRoqqXhpuKzUgmgbyTG3kGvFwmFm7lORTbTWkCYlEwnCz/EO7PmKt+irC+9ST8blejWFN1TDXcTcVmuOiG1tbo3c+S+0EnJ8o2ZOZaJwb5wlgcYH+6FpZjicLzf6hUfug/k6qyVIO64weSopLrGZ3mSyx0xM891VURacitgXgp2uy3TWLfPEBAHRSQLeIVCe0cLvtWeR5fNcoteNxRXjmcOyFteAkIUVcLPPdNKnDacAptN6I88MoyPNVzFDC9zsje/KeL+cHUbgCNFN3iJthVNb13jncwpuM1eZmEHDJwnAeeKUAVP4qQDpT6a9E6yBmGcJ1ZywFzIHDPWN9qqq4KFbW9KmFXB3jcuaCsn7xzdUQ4SV1mf6JrRkBKA88BjeGSfZWnE0yKLTEP96yr5s5j91SowXmZrrgAUhGWPJSO/pG67JTszTRdns+c672oB81QSECh54mtHNXezjYbRM7Q3J+y7zUxkp8nfqpIObmF3Q4JXrPy09MPeNwXozXlCirCkZyrudcMoVgKrNXjU+AKH9WK8Pa2lGoNCfZH3sjoUWPo5vJEHmjPMUMAG0eDeZ/Vp6pr28/pgLSiDECNMGWCarCioq4M5LZqpHBeGcJlp8IV+b9lXBXhFXLvT5NHSLe0N4bSjvNTGRXeDlR3kukL54XUtejuTvXDtCa4Ar1d7RVMKYNFmqKuarCiu8zCqyWy4qjkCTTwBX5v2VYiQqULFvm84H2T+F30T7G1paMMLnLNv8KSyvDIt1Gi7lzr1J2bvib/OK7hpuqKfJELaKoqrZjJykVNTPh/zftgD5bbuEKXPmYbOUW9rs820f5aoOHNXTnyOiMxJwzgGl12s2u+E/wAIzF20aZPbocE8BrL0Vd1VSjTBI5x6hS08OU2xadriPSN53APqu8fxHIaQujNG5lEgiYNCEbE+ydVh6Qvs4xy1UxlBrme0FJfGNEHsOyYy8B6wOLrG83HPwEhxIucZk84SHqUHHgbwiEyvxOQdaZnBd98VYequPo9tDOBtG8PvD910gXtqf8RvxfiHVBzTNpwT3M8c8El0gdFPkpHfUXXHJvEqwutzUv8ADGZ1VMoFx4QjaP4Ri/4ux4h7Qfug4QvN9l/pgJUKLmimb2D/AFBAtMwee9ujHXDJddzXHLHdZnGTc1dGXvOQDcoXR6oWdnkgxuObf+XtMunSGUweSvMrYnI6KqmKHVE2Y6usxz6t/hB7DNp3U1PcTwSVM4dCuu+rilZ/OMm5qTcvecrrRIQkM13bOIqvGc9w6ztKtcu4tsvddAteJsOYV5u1ZHIqsPx8xkHf+1T/AOboDcVU8MxkVTMQmFWB3UjGamVLJsZBUo3m5BrRIQ/Evxld9a8Ry3Vx1HDhdojYW4laNgWPE7J2Y0V+z2rM5EQ6LbNeT/5UjQ/r5YxAxyxywT5hCapkVXwFKuU3R6KtLP8AVSaJCN53FyC7+2y5dd4JbNq3hd+yNnai7atpKFx4vWRzC72w2mZqRVFI1b8KmKt+o89wcIw3sEjkjorjvRS320pNoMEyg619Gx6q8/PkF3tr7NSGW9vM2bduR16I2dqLtqM4as0Xedn+Sk4QnkdQqyadeR9EOv1xHCJ4JKWHrCU4DdVWxVTdUxosplTO0+PVXn1Oi7y19mpNEhv5jZthk7VGytxdtBrCbcuYV7J3+81l/BUj8lRSGXNpyXwnR2XzUiDPTBfbGZ3E9Y1wVwnBWi2KraOCmWqnwt15lSaJCMmcSmauK7234P1UhkPAydR44XLue1CR5O1heYZFXLQCZ5ciibL5cwtqohVSzb8JXwnR2XzUzCRVFWEhvaOVCslXDtOC2BLqVtGeCTBMqu1+gUztO+gwSZlqpNq9d92r5eEuWomP0W19pYcnKbaiF21qNVtV/EEXWXzb/C+0FNRHYdJbbP7VsuafOhVaeaqqbnpuKhcMlV62JlSnLDJoLj0Un/2tW1QfC1SaJCNc1WgXd9nqdV3lvtWmmnhiDUHku97F62alwv0MNg+ilwvW0JO1CLrP/L/C22TGoVIVWw/0W3Zg+VFUub5hbL2n1WRxzw0VYUVXYvsml3Xktsl34WfypGTR8LVJokMEmfNF9oVdsxJipV/N3iZnZtPjCu9obNvJ4U2GYhI7TdCqGTtCtttdVNv8FUr0cpWrC1UMKiGy8hcU/Oqqxh9F7P8AzLgd81k5e+snrhcqWf1VGNVJBZnHJs3nRq2rtl51KvFhf+K0/hbW10yCpTBs1Km5SstorvO1kgfCrtmJDxcnAEHkVf7G6474SrnaGXHquWohI7Q6rOR0KqspeSm0D8tFsu/uCrZ3uraqolDOOWHJZYaTPkqWTpauovaDysxeUzZk/wDld+y2nejBdC2GgYdnaVctFUzdoFlcs1Taf8R8fdtWhwRd2R/5HK52hjrNym0zHSGy6mhX2jZeS2HAwqwTWZ9aqgs/q1Ua/wBHArN4/qsyvaWfqZKlw+TwvZH0XsX/ACXsX/Jeyd8l7NVuD8wVbWz+a2+0D0VXveUHd2xk/jqVW0/sElw3j+IzVKDDtFbA9StozVXTOgX2LLjNVO1+0d9F0+4rtq0OHVP7qbZIF2eCTnTGIqtmw/lXsbP5L2IXsvqV7IfNexYqWNn/AGp4BkAeULRz2glgm3puJXjKNwOIaibRgcqeB//EACoQAAICAQMCBgMAAwEAAAAAAAABESExEEFRYXEgMIGRobHB0fBA4fFQ/9oACAEBAAE/IfAtEI3028H0ZgGDInpf2XyJjgIRAj9Els3Cxbd4Y+wkkiRJNl/l9hU43sWmiWHyJ73waQm0U0N7g33QyuxJCU9F86/nTk7aMhPJnVeQtZ12A9rtyPWYDaWxatiU4pECqfZLhuB0lGbm37f4D/wY4pvjSE6xo22CW0JlsmBC0004fIjp5Y6+5Epx9h+R76ddFo9FLnwLw7+BBfcMlZPfd36GMJRgShWTWY+CL6a7U/YkkSSSSwlt/wCJ6Af5RSq9kxkktK51fw54d0R9Nfy9Gbm5t4lotEPwzXt4MiXPCYcDnEiTOcJZY7ZbaWf2IJN7l92baP8A8R0QfsyQnybvYS17WU8okROKt9jFSHSyZQodp0xnDEq1Yp0Wq8C0ntz/ALPoTpH+hEec6EbLahsI+Cb/AOUloYzRe3cMbQHLb9iDYRWwpAsNZ49hqRvqvCs+KNIYknXw9WNoPW2JBBbJZNegkUrNlyzf/wApaRfgDKKTj0Kat6hTjS/9EJzF0bIvVPq/CvBsVH/e+g5UxLb3Ehw16SZbLtZV/PYW00+77/8AntqpWz3RmK3Y0bEQIk6p+wZwTg+jYleRmK1cr9En7WxUVGRW29i0y+pUGxEv/PejOuW+CUct6mqi/GVyMD6HD8O2sas/6XL4HY26SWzgVITbZCVy9ixBe8TgShJbf+VInrJOiSRhwZT4ZJY/oNGTG6XMOLhSnycGwr3NvCwPSWbeyJlNU/kYgiSdKVkHTbvcirSsJP8AxpJJJJJJJJJ1J1J0pL4GME4paNijN1xZ7iRz4Yo36k0zkrd8eglLEkU85SMdv8ONB+VPjbLEzYZJI4J0kknVIn4Hov1YT74uCw7UkX7XDfK5M+p7+Gq4fSMiLhCTN30F9bzzNY/yJ8Ekkk6TBJOjJJJJJGyRvSfHXm2vD5JnGnP/AGuTbISummRCsftCZFaDouDgShCsOlzDJw7Hey4/8CfAydZ85ZHmtVkSyhoTOx7+Vo8E0KftZEU1a8F3b3XsRmbIEzCpbL2zD/7+ei85+W9GMnwz4JJ0n/ATO8CIh++jBYaexTiSjuNxC6na8h21pZyz3ZiCG0NVLbp/bkXgwSF/iszyrT1nAT2s672Ou/YW83oTA+6Yt3qJmAngnWf8ZFa/WydEZIvbRKSTlUo3e7F3JmM4LyGSf0q/w20suBocYSiafQoIurN3rsN7vqS3kxVEDS5FDEiJGamT1eiUsazJC7GG9wyc+5t+ubGYSUv/AAtvCmK3fKfUiXSU9GtMPveGJYRgzMnm2HD+vhL/AApEoSKZlKo+gwl4+XrOs50knSxeSRkkkjdiZFu8sgWJMqgTlSv8PceawIjP9xoxFzT/ALAWpGsi2yD7f49RKbC3n/AODS+A3aeoeqAaSTpJJJJJJOkDJYIkknRtvSJQJB6WKSIVhQETM/4nq+7hpvncaOfPcbFt2227ZDbWR0Lzvr7595fsInxvxP66RtjwMje94HWxJI/FIjajb6GWF38TWO0LSvnlXcfiJCXccKHLs0MYcmWrayLuJqE+hYsguN5/xI+uAJ0Xr2/0l3Ixoj3l7+in4EQkfPfnPVp7BocW1Cg229KZjyxRXcZXRnKooqUcmcIzCxhGzgXpKG8iJLbVcaUaDEQN5i/QhU4l0K6Jj9oYw0FjgnlENYiwNyYtSwM0FtpqdX5r0RLvPqQga9na6LbSZXfeH6ec0tFoYYN6MKxzYmSO+RZCG0loHLsfI52kL9SgqhzTZ9SlJHRIytiVclMhsLpFzRcQMQTGlgrJshsWXNHwx3GlDn3RICq3UMTgmLSt0XVb8ifKkzDoklDyqEKbc6vSVm+fM+n/AGRaLxNx4HlksPLm2sbFJMtsiJoWUExRR0GNMuQyWDXelhkJEQppOTMLfBDAQsjwJ2sjgZJREESxRKmSJkMMkemhihnCcigBjtQ4gWjHI3mCYkMcPAfjTOH/AILGwFWM5G4c9hW/kIwkeYc2XGtS24xWkGEKy03MJRgbhSKHeJy2NoaII8lQh6LzjyXNkEiNEmgn3FZyUSVWTDpOIkjVWgRpOkTCS+w8IhrRDemB6WwTGKZbfgUlr/BYwswJmv1o/wBl7eZlzihtlt0SKW4WRSukuNJSWB0/UDfLGNi07iVCHK0UzEuSgPqWKRJcqIofIRbkJwRQUGQuelIMTGlNwNUNlCK6nk4I50ltFtuNEx2al9SEIa3H/gbbeQJ9i2bnYz5aHUJWNC2hvSETwPyJQoROLh2lQ0OhtFkrI+w9VUbZBZqW4DCvcIDK2LDYByJyV6bZYLANgn7ECdpj3zsPVzD38hDmOVKFP2ez89UrGtdj50yu7oO+B9fLtk2kZhtn2C/kkkSglyXtPQgY2kmLZXMErdjZM6HqIshormccyCpKiPggKIVBZbk7kytLmZci0OwSE3chLwGO2bEAK2HP2tF9e8ujHgfnM2hCIs68WfP6EcYVJ5SdhD3XhYHpSe52GsHl4sDGHJl6QC8EFYaj6jybtJti5wRkuiNCHGSg2REqGkdseFQxjQ7wNLMYQS1PRaowuIpY5Q3kQxDE0MlMSowvmyXLGbbbIxodJz/pD8vLiguTd6Ni6P0BKUpIOc0NjRhiEw9CeTHtDEBMUFDASEyMJgslrlE5gKrkI6kN60MqPKlDEY0Y2YTJuQuZukJWJQjFIm1uMspCFBZLkKFtgQR86Ip9iTlH5k2k6QsIRSKT/pN+RY8q/hprMPSDv6BChlKR5eosbUWZ4DG8Ko2NjmjignCmjtli8xuhI9/CEQJRErIcSpN2DYUorGLgwhYsblDwtvJek7CyIKyVj8EXJ2JJZatDp2IfvaEWxU+gxcEzHlyT3OYTAjIiClkcQrXlIrVhfEyFE3gslsuBaTF4G42IgmCJGaHQYj4hDQ4PSUYMTgf0F7LgnfJjnjYaDe5I8jGCHcZz6ClNOBLMRoUlkfeWmV0wTEhckXBLWmTUwT3K2KaVilktkU5MZOqI+YxMp3IOdoijcYMcD9SgqJ14H46PhCyoleC4tV/wV5UrmJH8jEMbT7GBAQjGhkjLdDyhKWWzwEtSMYImLFOaHSSbrkaKbG1JDBK5J05Lnc3GJ0pTQucjeIHYwjHabZWkxGVK8ghRkhzWWbEllFBCOe5FtuOg1g2O7Ex5sincKWsq0cR5PKsSyZNmbxKYYkjeEhPto/I511ehSBKZ4EoXSmVLfIphK+R6XrJELBlZsoelbjnG8iaqyPY3DUddC0nEjFTMq05ibqMYxdMIorRjFMMLrkaRsaQSZBbi5pktmxPuR5rkjZ+x3W09rL8j2anfyZYV4UswEiZ8h7ny640da64S2nthG23QyaRs3YcUMZYWSCMYyRCfcTRUESF6EvYmVge/gbISN1j6BPAoM5Sa23ZG96AVyQNZTREKjEIIR7iYenSwLnEi2bZSvSUTwbkgrDyRN2QokeC9djhInyObDtmQ6SQqAoJD1rf8Wq8S2uyTfSWZaTSQliiaxyWGciViL0hfIJwdtE1TjkZrNoxbWB5NEjQ0rEEWZc6Mwq0Pp0+npODqRKhnAm8w08UyY5IJTHHDGjTmBiYLXclu6W4vO2kMMwqAqktSHD4MuDxJmUaSKMZApXmnjnPSC7t6CSopIiB/VOmPHncUov7GSa0ik8UxfIybYcFLnQHhvJiLMMlRg8E6Ow1heowrVJa7D6TojgWkuoOypDCSJ4IWUtuTAg3CkIKHySFOBlJEuRIE++tx0hNDihyRGIkHUSdQjZJZLOt9mx2l0/HCvdi7iTYiuSS4GpNtodV0b+PJ76EUyjDUPTIYqS2xWcckRcMJxHiGRbAxEYkRoS0W0xH4br0DJBNlEHMFxIExpCX3MwhlqGQZiZCrwb+AuXbZkbwmgOEluInY4S54IIpIQxnXK8UjwRSsSJG4SbbuND5ElbsD3in+cGC8aqXCGWpsUKRoTpWVSxMXbblmhNEORTtZIolpqBBISI1lDIp7+EciEKMFBInIrCmWJpNg5FlClci0r232IihhZ9Ahsxq+AtNGiMpyJVysdkm7+N5MxBY7yqD55P1JHn8IIkvCa7eJEaylkwiyjCO5mYaMnOIUkjtR7bk3YhnTLiAoFRAacEjcFQNuqOQbJsTVJEc09SeeWkInMRB4kkQdI2EkrskcA71uJIkhclGd6jkSIHCUZSzXfRsUmTyO0C79yTuhpR834IObpQFshUSG4RIcxI6X0XqoNhza9o8SmOUqG5oxNjvsMNB4EgPEmJsThfS0kTGSui2RVaKQhrhDDch4OOVPuSYvJcwiRMlF0RKFMnsXTG6CNHbz0CQxk24SEQPsZBYmKknq+xtM5PlDDDQs9w2QPTQ9wpomGz9PBMp7CVpLKtJVt8DN0m7LdbA6EZ/HyJwqrtMrxMRvOSRGTRZZS0uh5Iu3chuykcEYxhsVZQygq0kEh2LdkU7hoeCp0U4yQIB5C00ZNPCJaTDtoKnySIFLCHhLJzAhU5KBrb3JI3SJA1GTMCzDDCdmFpTZyejD+CE4deC+gyiR3wREAzzbhSa3E2Rof9le2i8FoVQTFJ1FzOjDURkt2GypGhK8WQ1CuobXA+hHXhDH+UyUWw1FakSUbhpdzaqdYkJCLQJJEZGUVNxpXBBI1nDQiKW3sh7l7cCx0wuKb9zCXOG4hqYZ0Gh2p0IjfPA4fjCfdiwDS5EhQbkYew5SVM66LVZlGESMU+TCybFS+JJmjdqZ2L9GVFzgMb5BIbiHdgZyNJmypoz8AozeY2MlJ7DT4tiDlHLGZq0uo1DFhyVkVOe8biUruIFtIpBLWTbllM5xQMmguu1aLB47XBB4RNInUTZuJsYiIh47UNy/cX/cKdVC4wVVwqwj/INMX4Sx/wDeW97qGbrepAHVxZvDpk6NJokQFhUJQ0tO5gmDD1ix83u8fp+5NtWXObQxBo+TwKb9BM8SbaZmIiHvCtjghpKsgsFxe5M8ojxMZxonlak0wFgqiTOsvTVRvRQcYxZI1T6jDqhQTci6lLkhVsSsKCBAhohohEIcI6BIybT4BAxkoWepCkqaJnkVEOQvYMhjoMxaituhONjIAiPMbfZdea7n8Syz6vRMySeJPd1ExJlpR7AN3Z0KImRbyM2igSFskeZMIMwUaELTAkUrUjJRNCUEhTyYD6xjeQpo5BO4KEV0IWNvIejZEvswPN2ydsoTmiLJcv0TFEs2ehu09stiUDr0DspD5nub9ShPkS9OT3s9Wj0IkJ9Suy38GG4gT1Oj0vOlDUdC62wgfCZM7hcC4wYEJeCH10lUZ0MNTRONTbLSZoUDANqQ9uS68MM8s5GkU3yMHPI6EHjJmjm9zEuCPId2iiqMX2Ax3h0vRvRKHIy67oGiXZl2dP0bkCpuUlyLBMDR6ciTA+j1yNdcCfyIc6qHqQcUEfUkcJ2KbQhusMb4AvOhCHPQxId0TDbiLEhJdliPxAmEtdemGEb6sohGfUEuwmBiIiuSTlEUtJITh0lFMj6iLyuUS5nlimaIY7dBgTUwPdYYpNQZewntfpiDwlRGBDEShDORwom5uH2Ys7sSDhqZ1WCDSSoeMnoloC3BRkVzAiLm5voWjIq4GNFQCt0QlY2mboSlwILgEOh19BhPwpMBuEPUbJkhbiLbmR0sijcSZWDbKIUWMoblDBePYe4+AmJkc6IUQMbrOxVtOgmnNDzPifobuxp9RYxkaHYdeCZti0eCjHN/sQnaVLO76k9K9xKzK5J8kiSXYJJ2bJyMeBDOONzAlhUMVivCRYA3mwiBFEruGNjgXsx7aMmkkieh6GE62hPLRZArFIkFqSDgWxLQtA95tUweU6HK1RC7seGGfIpva+YTXEI8SPI+M+hoSSXJjkdk77DhKhqnEfJK+KS77FIOpHoIFngw/UpJTCA+az/BLRdWP+iMVOmhYAxiGQz5adMQkGYWD6WKpYVdhOlEuSyxFUZEnJOvL+uC3PcUw9VonZZ2OSJz2bCEhBC6iXBivI315rSu6JKhciKuW326hF6SV9hLdj4X6FboIOJLqb9SUb7De7N+4gJszCR7uL+kVvrcRqTp4fRidxGspkgtz6n9hJIm8ilPleBpGqF+SoagPREc+pCVsUJ37lA9Mm9CeoYg+YfHTSaJy+NDd4oihosp0IoLh2G3AzjYhmLHvFv0Gi0xSDUIfKYynI9ZiuSdxuwvqkMXkNSPRZPjdFYvgSIj4R8P9CSyNqRG2dkH2Wxn6b4G1G3/ACxq99Bx7qvQylkWj20fTkNDORsSSpw+j+hsc5S3nn3NWiNGhcJHcarSSYfLxoZPDFeQkfA5DbxHkuJCDYuzebzoJ/TqJKTsU0jpaSBkksDrgw1hjwhwDdksZxBQ6nUZOBBYGMW8x9YJnyrIWiJECPgFD0L4GQFEQlTY8IWyNGx8LkXDqy3uxy8Q+gfuNJJbT4PdaSxH5/8AtKEK0WF6Aw+CV3gxRJae7dEEaFbsQjp9ByHmjsUPlDwfhBdYszGBK2jZBtCpD07MIU54rAuzegt4zRFRSBOsvRxps4Q9pFYD0mDTTgh9RB7ClYaKRPxMYJJYugySE0xChZQ1Np8qheH4BwcRA6CFJkg3ji15+CSXXouQtGr8Mo25+q+hbS5AilS0g55egv6ZQimdnwUck2Sa4Djd1IEtLdmBO5FiR2GjawpKQM9CHJAnqYlrBBgheCCxpclY48x3aRvJk6EIRfUpQdqsYlLoOOjuMVZC4IhhyQGmJtiTiMFocdDC0T6CUwBF0MSg4NN+fZ8I+qN2Q4mUXcIe2klSQv8Ag2woQkqSwVvGmGlieWz9C5IE1/e4007HRFe3puKJGcV6bW9n9OsEeASv9Qw9FMx70GtxdIecjU7DSENsoVjqUXkSogchK0TUkIZixBbgVuMjnCDGS9gRCCENz2Dw4ccENNUyXs3IxkymUKMdIxWPm/klskY2G3nZuwswXELO3cHvCMsYjZVfmNw3vkY8Iem3DVQjEcPs9GOwrCPgx4oy5AvJhCdSB1IP/oF+7D9Gb24uSTRhkkxNtuZ0IaiWTufilKRhNhSYFIsjTARoSEKmIclljwdQOiGFpeS4LjCkrFKdxHTfeUL2dgawQixJY+kTTkjB3Opkx8ifH8YTCbvs4Hr6FuY5dX6uB9H4Sbkg22ehHsNG2iJBJSMNPYeq3YfZ6rGlVSm+ExDXIaVymYe+Dfza29ifl8GuFDJoTht6JKiBIZAjTtWNS0RjeRV4y4SW0YnwN3oNu9DGzVstMF4JWWCB9diU1BD68EsU6u5E9JKUT2GcwTIRNU58glrOfIWmf6Dv70tssdh2CS9AVHx6g+TIl4Oap/UNhaujp4EtWFfNuHZ4HskpmVG9E1G2LZ8DPlromVDwJOktO36G69RVK4mtxlgvHNLAryCbwKZwS/BaJULci4zDqZtCkDSpCIP0dBKS6Y9MjlJCyoT+DQmIYlYkiRsyhyDAFjwsV09g8FRplQhPRarWaX+CRy0jSLeRvwKVZM6ziSRJIRUOCbdIV2B6mYvn/Ril9azpFngN1/LMDb24elpVncbv0W0MTKTNDlNO0x8m/wCqv2hSZKUm5mFFWwhIQ1o/CsCWSFR8wGVoyG0leIsGRaGw1bQvVk52HhmF2iKSYzpbEJRkU9TaTHN9SqUrGOoZYtvEleBQ4ebRVbO/Bcs3vgZ5bzvyNyIkqXG3XH1eiENQmEcGcwtw+Jrz+RftLxLraezHrU37z/PYSRmVsyyHgm26Iadl/RZhwJSY0OUmUPlWf5FfIegjKaL0aHq3UR4LPgOnsTW3vpVRJcSY3IEUUqmK0PYki7on6hbHgsahP2JyOZF+sMELjYonYv2E9dEVIkewu/Bh4jmPJ64exJMWyWXVuJHZCqW+BzXU/wCKE+A7LSNv/gfvPJAmS+d+DnwLTAvKBfTquomT+e01z/YOglP4PNdRom5a+P72FwHLJptNOU08DTwkzydz0+LINZVTTptwyBm4/AlLIY6FiRiGIQXCjAiSL9xX8aXoUaCl8ghkt8n0JlA7ZHYhtJiGgkJEObwbTY93xRgvElW4jalCVlkm25L2B1Ds8jcD5N0I6k/cuiE0k7aJryJlSbUgmxXt11Wm3hb92c/9GDhO/wDbEVhJ/wBKBEa3J/h8GKZF1FJQJSLfbkvlE4oTVKhyk5bdaH4FGhPY7QN9ET/YsYEehC4kVFobubbQ3Dom+ipXb6EawWT1BIRQtSuSOswLR2GNDimKx7RivBOsHqUnYEwJf1qdI5EI1avcq6icLSxW9kTVjhkTOUf8obmTsM9/In4v+udB1mtG30Sj3RdupDOkyW39yI4CH1N3PgajVfLaofKezGmHtWXHsvyhqOz3GiK0RY0b1H0sk0LZU7EAObDpCdFMVMUQMdgZE9wS69QitvcO4wqKOiZOdLdEbCjmC8D1kDJIzzzbkx3G5KJYwvC5MLhL+WfjSwXsQlj5b1BhpR+/QUQRGCXAtOSY8S1WmJTtuX7JAVhHuWQRpuz+hSy9n4/Q0sQnEiE+mSnJowUim9i97Z3RfGnsax2Pc+x6Yx5ciS+SG0khuaIy6gC5BI1lErk3AS9sjU64HIpIqTXcSDwWNgMy2eXZ0kQzB20xWr0QkskuWIwkuXgc8gTopbhJYjLseO5jLkil2M6LOeI0PkxyJDtI/fohZURhLXjSJ20Xj3JRpX9RjC1fqJszRbLh/wCx5Thb3XRNygZYv2GJy2iHuw1vqTsMsCW9Ca0+vW7fsQQodwxoYFKE0xjpnkjgN2WkWxSboW3cTwLiHBgeJrR4yDgyM2JwBKYEiXks8j5O5Go0hRlkKDBaqkZJy6FKWfLwMpm6bE7IZIzdEmWHomXUfARvfYXols30Jk7Jbsle1tX8wKa0sCWrHvpTzHkbXr0Axyuj5ReD0ZNENhJFryP8BcN9fwPf1GTi01MWu5S1fXghVuRH7XfV/o42+Yn0fsQKITw5p+ozaMC3vepfUOeCMTvjIIEtFOpJrlWTAxEk4GTjgTacRI67EJeFkm/aYQxLRBqskFEqN8HGSoISBzjwScBZ840UdNZSfuMhoUYr2B6MmNuEO2/yG7btwXAadp9ykoShLC1b8Dlv5G2qGHj7WW5RHrrp278E7gTsyJg5ruKbRSwyx7Y3g+/00lTSZV9UI11RLydOzJthc1+MHtO/SYmzPoE2GGqfUbdmIihaJRiMFESS3LGjRUPVonGLAsENUCNsdpOisUaodRBKLoUurO86i2Bn0sUktI3/AHL2EJKv5pe5EwnZLW9OhIcWh24IMN9QX0NlzAZO5I9fnSY81pKapNlKY2MbXc9uexRsBNNfolkCedjI5n0nv2Yqd50vfka2eoS1EUZy7CEcsC9SXK0flVxlX7nyj67Sz7Mf27qkxsY50TK4iuRhjckduRgYzARbrFly3EJ1Eliy7aZcZ/WXzCKHQN05hIax7OT1Ikx3oXqEH+S29yC/iS1UktpLkyJCKg+S568v9m4urPwZ1Wj8xeOaXx/k5FkJ/LT/ALgik6WxkSL6A9T87AL636DJiFv+LwSM49h/oWUfqjNFpw6IJvGHsDgSlD9Ehy56Po5knowmL8X9D237GCXsRVFHZEbz+qEjb6niXrIm4dpG8JNvLnQtSWYfxCSPqP8AikOwxclegjJ9GD6ISUCQWyrShMWUP4RPsr4GjVtp7L9iWwfU/wBCqivZD1ejHqxuOPO30cM1kSmS7XJU+z/ZJPc0UJVJJbqITUH7HsB5e5Ar2SWUImuGhmTj9nsSiR9U/bBm1LiL5VGaEQGhw5uqgnkJVSEMzlELcJN0JeGJHsXYZboiQ3KRFZaEtEjokwY5CX5HsOTrXuLbuT8AXRKiCqHvMWTyPoSMkzbSS3ZX3dMDW0cFCqCqodzS/wBiFNOgfQ8+J6dDbXvHkrye/S9uw3G1v/Fi6mxH4IAORpHDIqb1CHaY/NkI5Q9GSxtL/JKH8CVqFcKl+SzffRN+Bf8AvvWD+LjsMK9c+yOB3QQ7ncmRl/7UTsHT9y70JGfd/YbDdpH45D+AFHOfJS9gUty6JUv31jAlSrgSgnwYxT4yx7oRrcJZes7HEMZ2fJC+s4GFCUJsvG/kem3gkfhfiRzovAjo+tCudLVDG35lnR7mHKp8kmnU030ZLWBjtcc2P5HIZL2pA+lsvw/rqKf8z9iL+5SMHEjoEqCCSJQi2bE2XybpM50euwx0foFQuRZFBkZSoZgFakhIkiSWyGMeNGPTcMeNN9GbCdH/2gAMAwEAAgADAAAAEF4d06/2yDHP0FfdaSEaPPCMDNCFgPu6Tc18QQcb69/QzIWyUXUYQDYjrgnvvmHLDDmmY/x6Q6b7ace2azfCUSVOKftsPPILiEEBDGGAzen4f70ydZoVLPdfcVbJijLGGPDCBPCPENNMAx74Qa55d1CUfcWaSDxpiGLNPCKMFHPJIFFCEC5R88/cCdXMdXUQaIYAmiIIBDKJPJOMCDCGEJdIPTUIMSQSedcYTMCoKEPEKOCFIBJOPHOCBHFsfyT7jLQQXWVUAAvctHpGqlBlIkJKDONDJDMnjqPRwbcRaRcW8qvODLumusmtK1IDBMLMPNHPPo/zdUSfQcvUTXLv3QuMlMmLeDyaSELOAABMsmI4QYfXXiWSk4CorRV3a55WxORadTEPFHHNAL7EUQbfOcqTK+62wT2S0mi5+AKG+aJEODJNAGJg9WfVxWEw3c37zy8f6W3MPhWho6ICJGErT3253Rcq3G7wx0mhQL+0BS66VK88XTTADPCIzB90+VV5Zyyw522fVWV1QBUj1nDbbIXAPBAV8t70+VQlvd5z2y4+n67C/wB9XZ52yKC4CBBAU85U0/mxuWI+tPsndZztu1Y8T3+9sBrmqDwcr3Hv/Xm3QmEo+unvGEor7rr5Ck1fg6BYVSRZGsCvH31Jcw6Xct/ZfA0gtdoHMYIZwhH4AHicm/I4l2lSrD9o/gAh2FeWoDYgVfqgxgMvJCdi3r4z4JIK7VRpNZ7DRSzuap8Ol5Ea2eR2oMFJqLCksKLbJOE/cTSouzclOYI8XqvYmiSr0U5rbkFWmNpJZuXeGjV7uMQmQVz/AHj9d9Pw8WD8sfeCS593agNNOxF8y1N2j9vSNSaad9cOmP2s+1K9Gj+fiyB4/jh9gLvDbJjRX6Q+Zt9GW68wmOVBkZ08wIvmO2wMoH1Anat+wVplRRk5+jbfR8zw2oHqgGdidc5ZVrtj3Pj9B3xDtJVVZlqd2GcNw2K/Q7AWb40AHDTVJ500RzUEt5pjVxSdiApAW+klTl5bS3A3e/jtdYLmnbmANBVj0TkjoV5MrrQ0dreR3bg2pgL6h8Ql9zXEB9gpGvTENSYBD/VSwc7gvq2WOtRzQcoXW8tElZT7x6/1TV9B3/L5c8wCcPLSFiWbH3p1bc5wxGZrSbWTzNbxXb379EyIxw4v+GmD/eudN+VWt9ihFKASaHRBXzjHfDxeAx4MqZjbt2MsNKvnzzMHRSaWuQNNpN9lJ1tN5ALvI4eiCmmJPFaMpBdCLBFsy95DDjjfjfDf/wDvgP3AAQg4vIA443YvvofX3AgQwv/EAB4RAQADAQEBAQEBAQAAAAAAAAEAEBEgMDEhQEFQ/9oACAEDAQE/EOw4znYvonqFh/KzPIKzrZv8SeAWf8AKDpn3+XOSjw+fzNnk/wBQZQeW9gfuD7hGB4LHhngGb6EO1i1kyZPk2bWzZiYTK31OlyLsyELk1NZvQgpAsSJBz0OVm7A2ZlG+STIY+z7GD47RyqPyOvBnyi2DDH9o7XKHKxhFxnTC9mwb+zaJDto7rh6BTZMz9n+bS05WMyHK/YebeNrKfkX5lL/OVrYc/wCw7FZMmRLyZBmxFmTGi1jZwoW2TOcmRPFi5blHC42wspvx+z9J4ZlHPx5MDh/CPJwMD95g/JsQwYShGnoWWlP2v9oZs2fPZYRZGlT8QohiROArGZMYpgyn7GH22ByewqyBGzXhjY2BWtuIIxjGH3l4eDmNVGzYx7sSCzDM4fE42bGPdrWLIox+xg6bNPA8rwctp1BkYkDWsspiUs2bNmzZsIxMRjdomdA4YkDK3gjTHkt7++J8dpVnWTJkSDbD88bxnbyUtbe5z82uQszPNLbaOTj54ZCb7PDxnBN8r/CzOWZQd2bkXfZ4yZyRjCEyfibWxaOd8Nm8ZWTJkyZMoBRexeN/gyfvhkytm873no28vJ5Ff//EAB4RAQACAwEBAQEBAAAAAAAAAAEAERAgMSEwQUBR/9oACAECAQE/EN2LhH5Fv41K0GoN9xcvD81nZYRt93NwcXD5LWH+YOD4rhb/AKB+a/qHBL2X+wdri1/cQ0fI+/EGXhl1lcGFH0MGV8BsDAratG8U+ZCMWjcLgTs5KSkpKuEP+JTLYB/Jc7AzsGJXxMMV7BcARa7FeRIE8lf4lH5sqog+MY9Ip2CMFiV8CWYdQtgqKiXc8rYeR/3ISsEIkSXC4nq9gj/DP0lxtVCO5cEEcBAwypVQDFanBp3WoDWwLahyP8la97lwwYx9lQI+sJ2Q2bu2cGwfuPQ1NRgxcGRZD0RhwcGnVUY4Nhoi0Tje5eOS9VkuL7BQcftr1hNTrQ7DkFkad1WoxcKYsCIQMIcElhGCoo+xK0W2E4nWht3LUbYZZLlwgxZMDisH9zxgNtRmtFiok7WDyVLgRVLl4GtnD9xfkBOMi2GxRYRKI9pLemVEuJQrDBg3GsdQn7DkZTyWh/dDQ4XyeoWpSdRWUg6mSyWSyWSk946x+wMCDWZS4mfDIv7LxqJWalaKuomJUry8hAwNbE0EcVPRgP8AciEpuBWOtijGHI4ODPh0NG0QykqGBRgcda1BconE6xxjmHUMX8SzNSp3rcoiuHIJd7DDLjlXgMGjUYtLwkKhioSl7GB8nqBWLhOYGBl7g4NKlfHv4ENekHCYoL+N4NLx18DYiQYxKnHxrJgIEqdZImQ+Qxi8ybmhDHWTIac2Scg3CDofAwY60CVveqQgwZcG9bzeaz1ipWp5lYG9Qwslwi9jNy4bhARNDyX9HAwYOPTktluwGLjFly8BOb1KlSpUqVKyS4LDHSWSyWRBK4XHBKlYZUrS/l+5N3k60cPIaMcOP//EACcQAQACAgICAQQDAQEBAAAAAAEAESExQVFhcYEQkaGxwdHw4fEg/9oACAEBAAE/EKib6ZecX1KHLfUwAdzg3iZFamFN4YY8JjMfBYOfErJeSWFe/tGufhA+DXk/DweWXDZcPj5cvxLBDDkKBbUeZmcl+JiR3kqzx/yXms247+OXyzAlQAA9BDU7qamvUHEH1F+iz4r5g/TMMM/cv1Llwj9LvcfHH0+83MmUiaglw0iu75jlM51A/mOiPRpvxNodxWrs6girDyRQ7mVkYRSjtvvuYcLtdns7lIXXJjxNKW7d7lYC3uOd8FfEabTtMGMiad0zJTm69zNhldMrgKapOpySr9x2CJjLUMqSvTPm2XXcyW8y1ozDBdZhzTuG3BncHq7mVr5qD4getZzHONQzgcGXxW246QLUWvPk869z9u1sD/Gp5Rj4CHSBrcrwbYUWHyr08fFseLdkNh7Fv2y2g2mvHqGYsGepXmO5UdeJdnj6LcYS6i1QTbMziGJr6WM9X9eIuMwjjmF56iYPEp9evsBI6iW+n1zMZlcAfEd0lhT8wKBGgxHK4Ax6OYXjnAa8h5jae1F5mSjWq6lY9X5gDVLPHCwC6LrsNRbv7kdVyNN8wYKsrvPxEMd1+JRvKsYzLbjlLHqUljruO8dbuPt8wwX+YOUMhAUUFpzDRHfMqwoHGJwXvUOuYO4bf1ByvUup8R53weHzAF3jHqFgcw1WUF5ilQbEv/XbiEd5M3hs/AxCLvQQB4CcR7ljuVZdwJUcszz9OPpxv6M4+l5qXqXLxmcZZxLrcu5fceiXHUuGsQcx8fRIKI2k2qOcDPhK0TwK/f0wJcMg0z7xBP7htrnLL2S8lGOr10htTJ4iqk1NIVFfvmD5Bf4g+TohlpMdQWk35neaxjqVa6lNFhZqbe84mac5lsYyzbwFSl5r4i5uvc2+eJo6/hgWncxaKjxMhYVvfjo7dSq1NLxeO3t3NrvL8BiBa7prXoP5iIjnKL+XnRAlFUjPl5P1LyuGsReJuepZCLObl5nMXELYPcfB+ZZyxo+lQr4iXOIazB+nxNTKfXHiDL6l/TiPnEGpupydkRrJs6Isn8STqpY4mRwQxlEu0eovI/uD5qMKTQnMs2ecQ2AL/FSrAqn8Q3oirkKrsirINPf5lhj5hyYxPi1xB4X7x0jeIrOLZi7Gu5ReMfNyitFazNNtRc2yggdyUv6P2msTV0B0cHiWLpaWNuupbG+g2N1fb4gioLFn39vjUvhPHxLjuX95xrP1c+oS+tTbOZc8y7nuP1uOofUuZeZmXM9S+JtmL5lNZi4ly4S4OYM93XEECKJm5VVmWY8Y78x4f98PCNMjiUvKyLMZd9+4ottcy5fCCX6KcXKsKxdJC7Q3FdGl2QBQyXik6jkLKdYlopTOt93MBr7xzim/UKpdw638RUa5gcOL8QHv0z8QaI+h/C8cy4rJWX+jxBxNsAqAGVdVLx3VMaTTweeeIaCBg/AdH5ZUZmniO9xZz9NzBMR3GLc4ixpqXiL6nHibhFg5+nPcv4g9suXU11BLhiady7ueJzp+l1D3LjcWzDOmYY1DhbW4/wBTat1/KvuLWrqXeHcYqyx/uUY6H/j4gJUVm+4nFaYjZdPEc27rPXMBcYaYtap8Hs5nPqFtuPUChrbNDviZdXUrA7hmzjiXYsFmj+J+Zyw8Mv68Rho3KZUtFAeY6Nwq0+Ifr7psuI8pyuWOqnGY71MXmNcTmOOIwfpnncvXcS+IOZc4igRXiN1XM+ZfU51c5hLzBl4hnmvp8zh+l2+OoPqGdVMG8zndTNO4Z8xsTGIZMzXMftC/iWxebluc14XshdLFcJ09MRHGu4tw4bM9+GUYaOd9nhg7K70nEteGXZGhAWzias31KNAxqgROzcoBBIlbC4c3iZFxXiGPRMY4j0y6Hfl8OWPBttHoOg4IQHbFGR8CJSD19T+efHuGzqjUHn39O/ozb9cSvJE+8G4uKlywjGZ+nMd3Pf0z9Blzc5jxHoltblpmX3PU5jqpqa1DmWFT38zgzBilyyfMpHcMbrvK7HuBNoJo9PmUm6icygwqn0Op2ABOeYZq9l7rUbavqzxBpMIQLDH4nYqGb6h4SpTzC9nEq8hd/iVF9A3xDyyrUFtjhMGQ2wmJ7JQDlYXG11kQ8d/q+2UC0NQP9zKWd/TmN8kv7y45mK+mz6aYu5UWOdtRgNR+l8Y+ly8E5PEXEHv9zTH7zR5lxfEsqNfEs8nv6LbLO5zLCyZSzdy8GJfjcfSN4jwxLqYqpA8t4W+4lm+5+5BzTNbCB1yR08eYb3xff3wyqwoUx6mx1cKLueswaBwajTdwKxv5hSY53cO6YDknHAbXxCWRUcnJdv4JSXzHI2l6xM8lBKQ0H+xvmDGAZgP9zKgUam2cJz5nGY/Xf/ZUvEbqc2S+tRjx9GaZXiDLzO5eI/R3BwXHGZ2xbriPmNmswc2S8S9pLw7mWsT5XEhmipvuPeUuUDER3HDEsxp5mcftiuE+Y10y3Vzt/wBEvF/yvMztFRWZgJnO2aPTFYAiblFW2eZQ5/C6hvGAxiY4cXHN00kbW52MygDI65mWVhdr168u2Zx1MYbAM4gvvAgdHn+XwQ6haAMvl7WBrMuwlVr6e/o7hVwOJqLP1CUXcX6J5+ivvEzGfucziONVUepcfL8S8TcHNxY+Ll1Mm5ds3UwOJcKtTI8SmnNxDVX2RS1eWaeWo1NzO5YjwxL9y3zLD8RX3FvFzirsg90eaPifMPhTrkUdtQGlN4zABjmDJfscywW5OkNuYxmpuuEn5g0eTEtmKEOvK9ceZnetbV29wSAtcVE/YSHbtXhS88GdpAnNBKe/10SwYZ+IUSXP1PzK8VM3E8bn+fokNVU8zGbjXr6HmL9HiL4iqs5jFD+45YzFxmLmX9p4fQ5N6mmLuLH2RvzNYsQzCrjymBzHy+YqquUDfMXeYvUt7jbe5Zdcxeu5fMvGJdcy77xHqAnT4IoBWGJhjm4w4PB9wRV3W9uT2QwZU+JXBzUwc3bqZNfMP42zjBx7dEysvKwOh6/mDcyyjI0u3nwXb8HMqSXkWz8nn7cQysrqVXzCfaeI3/5PvNwl+o/meYOYz3uO5c3mYc8x2x2RqaW5jvMX8xftL0y69RdRcZmGpeJa+peIr1MTMuEe0EqODzF/xF5Irff0XGbjBY/R/EWiVpZEW4fn6eKgFpwW9Rlf8Yl58GJzVZDzu5LmnXp/ZGxUYIbe+YHqGKxzbUqM+GvyekM+/UCrFHEQHe4QG3/euY+o8yR3Xjd/wha8zaGNTiGpr1GOvrzn9zc+0xH8/RU2xw4jbHcvMUJucRb7qeGos2f6ie5hFaIXOZcRXPxFPou6lqcx2zFSWi+cy4v0v6E+I6jk3c3OYPd1H3L7jH9Sh7a5ez5lS4dDpNzY3+ojQpvbeJeMCC6o7jYsYqphi2Mm265NfBt9R2q9ukbt/MTUW8ypg3VM/Zf3HUOITwwRXCuZj6OCcRlxzDMahzH2/Svp7lkd+Pp1KGVAn5KmEtX5jLpdIxFAHVRO0T1aC4+1CmhL2MxmPuFGM9xkvVQXaTwymVC+I07i5zHJcaOpbLxL7i8kvH1YYixdQfcWX3Dn6X+IfW9TLn1KIUS/HKfMLFG4oDKCct6g6xZ5jrBlaAmTZu4f8avRKxR8sNMWc7kMdAW/BzKjuNHYbE/KvljDcz8QzNx5+juM58zWOfpqbnEZ+Y31DbAeYcM2tl6QtUP51B6JSoOYu4SGiFer19outHtuWboMUs+SLV99Gfj8R1aBYP8Asy7xZ3Hin7xyAz7uK4JdF+WPD0Vk/UUu/wAZwEKvP/URQSbQxYHqH+5eC/ca3DNw1vfErMWNcbnMeo+OItv0Yy7lziLiflH6X9KmO3Y8LhHcOQPkiKZi3ywvOJcEDT+b4LftMll02vfmBR1qAOcwQJSH2L+UuBtVdyuOZx/2HiDPMrH05zHM5h5nEvH05jEZ0zSxFE8Wa+8cUvxn+5yNBki4yqy76hXxLUWX5YqgKDVg7nHZEX8QJXUu/wCIVdpEXrqL4slq/uNnr1LEt353NI165ioK9XczQDssh5LlrxAuBHmGI7jHqXw8fVnMvM1OZrmcP3jvcGMuFOWjqMXnCtqV+7q4O5vMAPMtnzCxNIrS9/0fEpWSzDAG3aOMXhA9+MKAqoGzb60Hg+n7mSOtfSpeI7msfSszcxGPN63cAvODBb8SiBCt5a+JZ/2B0xtpi4lKzBk92eUeP17lBepWSFyTTE0qX1uCApjmLrUHte5YHk4gKCGA7l/V+TiALB9nxBAI3LjmLVTnEW2XFzGXjMNS+JeYZZqP0DQRc0T1D6Bd0NRz4cCKvMFJrCdvH5fqKO4lHlcsqoLAL2sfeKImMv5fcxb3DSEx1LeSFfEPq7mZU/iO6uBTxdLHsLZXHx3AV6u1nLqUs1jaHYaiLx/5Llxb+l/RTuhC4JfplR9y/MWWwVaLYGVPZKVePKVHsD5RVdiETEpZaviJ4V1FFkVkiEKAYWLgWhAAk7W/iOIhoW4fTx6gFbbOvown+zNnEfqVGPr6XmpxB7+pD8yhFD97cZFV8y1u6+5cX+LfmCxPmbwCzYbY9K9sOG4fwXwUfEDMIdziD9DzLqbmo8R/Mz4PcHhvQzb0RftlooiHg1HFz1leoMLXhqOCB8J0L2kbuH4g2mev+zIUm9QnG9jMdQ/uo7L07giYDeJU6nqpSHdapqIrJR5YtyqSxlvw8xwpY8TQqzpF+BCowk7gJKcBciY7GJbVIp0kPuWAphwzWcJFzpywa3c7A91+YCGLa5Ja6DhwynTlnxPKXbGeo8TE439H3LhHcGquK3AhKm0pEyZfKNF5iaAevTgfAERY4KjFqgvOkP8AjDHGbzDwznENTX0Kqr+nFsrn6rhtANrBFoVhm/qC8eoq4jF7SIJb9Q0nOi4ULnRL0A3bMTRhj9fCEDd9wepUcYi073qBwQeI2IxuFFl7hFwQMlRbQYqYxl/AvcN155IoaMeImX4EcqAeOJWO4tgQ/ZUuGszwMuYP5ndRis1ggfmOEdmDUGBDYxqZzCTFbt/J5jQGjD349yrnPxEl8VNTf0foZiXNn0uGDzuFw9DXKNDUqr7lA6I4yoXY2Plo+YZS3BlQv7Uaaj4gtheZ7+gJNSyWKQbL1L63FreJotpR/MzGSLyxl3EAsoC1lPE//T3DQg2Um2mNwcAcy8GroZeRKrthqqwzh4itbuNUN3FPcHITHEClJqfCILvFZYDhvmIq3ZAMHmUcUSGaF5MQOJcSIKEMlNRFwOSDVSGI1XHcGigwHMXX7MbIEW8MAgJGRJemFpmvJFg0JU2XGYG6b8nkgJSL7P8AsU+itzicxnN9/R9//HGI8fQ/EXUf2oMS9/8AkvkzcYb8TbaKvaLG2US90ZfluXCDn6Pk+t1WI5mIlS36dFRaL7VFe4rpdBzBAteePBKAAAUBAVNByxuOOyKlK4mLBEqNXmVOHmWmKPknoylpiBz8Z3KXi6weYru1d/1GCzTmY4DOfUQcOZ0vs5lQ5eZfkrarzKAFutR7hxCsV6gE0+JfaaemLKUSGYwdPMbUxd1gOIuBDNlRvY1C3AtH9kJOmHBM1WI3u/Ntu/Uagus5myeqiyzVTXmfb6bj9Eh9bnzF7gVZUBmMXo7NB/ljgfMNzn6Xjqc4nMz8fQnXcT6mqRgSqnRGAIFTQHLBIpYXHqPBQcEx7KWxxdZCIq2iu3uM7lnOJcZd0qYCVXiNNxGy1mTO5d7z7ROUWiAUMmiMqGjHzEowHSecGpdZWObl5DbMRVbyGOL1nnqFYedwl5OybzMBFOd1Mpp1Hf2xB7QfeZl2htyQ6thg7HzFgFejplWOBOu5kzzo5dTS8TFSX/Evia8n2PiMVfhMOLir8x6+n6jHO2PuGfpUq2rqYnOKh45irZN5gsYMuklv2v7S5xbhxVf5B8Q9/aH4/wDmobh19Gvp2WMlFsGlmyMe1UzG2DMKAoj01DBFqft2Q8vcNMyycVnMQej8RViys7SnUVveCWS8mCIaKHbPcqTnEZggYxxACOQqZowuJku+pl+BK+JRMuwwqz7jFO3UIN5V31AtkM2wqKb4amVNHc0CvcOYXdxJbhzGK5sjx6mYGg9QZqFP+7i7VpYmq7iqs/iV/gW4yuLk+4S/mczed/T39axA7mtal1qHqP0W4HiXGWd1GCsW/F9y8PUAczZdrv8AVTn6P0N/U3r6O4SDCrDMpW27VmRBEVBXXKBxUUSkDQ8R+3L4SgZ4l6umo2pZPQzLHd8wbWpRxHHuAOG4WA/buZGsWy1+lniY17CILN1DLXmnEdLUt1D1nZYFgF3LRda65jpA4iGAl+ZjFUzBpQNx5tspd7qUKg6YBOONw0WeKnDw0kRoJgMxBQyT2gLsjhFdib8QdKVzFnEvFm14f7nakcbi+GfqPjU9TzxHUHH09TbmMsrLipetcEakUr1EpCfDVn5JI3QR4Cv4nM5hqpxM9fXzxNuIkABtuNWvfKe2UuPqN1mCaVgjPlhQLliOG3EwXMobx8RaQuumIOIPAQbQ/wAyjq1C3PxAEv8AEF5JTFInYwx0+XzmBnbZUISi/MxjyxWYmWItB51GXkE2BxzBoryYqLWBYiVw9SlLgudczUdzjxPKBcTAFXVxKXXfENiytMUCoOpSQ44uZwDocpzAiVkeZ44oMDyRtxcaC5pNSmmi+nk+8SsxWeIsXE0UQyTmPv6XN/8AYWY0NSxS2SWBJRlqT4qMBXN3eZdZhljn6X7jCB1K0eZbrDR/EtkDbNx1mWvPxBBIP0kZB4paUSYAV9zhLlmYGu447HYC8y3eHoIQ3P1Urik4YIGYCAR3NJjQmriUYlbTEtVHcck5v4hq0XKI6zit8wLtAtTb8RkfkQgK+cwjNkJruZU/Eq13olNZD3B4osr0nuDIXyRVQHmo9oTvmBQWhzKMlHMdi6Aal6bkGOepsIUOzUexFJjzV5YhZd8nThr00/MLiEuMTNx19OOPmG7nP15ljuNwpe4ancFsqyU45B7Bfxmj6G7nMNuJQkdTmpxB3jcrH4F68fzC7aDRWNf3PzCysoWaGvvMAOoL0MSntLuVS89xyFOI6u50bisc0dsObN6iWtYEqYEMFy9yLxF1lfzBQqH9yvBMvEfWzPySpFngjw2cMQ4pluKMgq2YYHJjYPCtwRg2ejCRgYSCma55jdJ9o2gxejqYahEvJCUQdEMSzgQY03SyMwNMYIxax5G/EtPCwHyMRwdbhOL8QCsK+AU4YqeaLxkeou4e5fwB/j7RCAnVx/zLusS8v1J3Dz9GAZhlEzkOX4lDIIcUVCLC7wSfYr5JXWvoTTDMPoe6ga1E7AlvPEdShqbvGpg59qlWTWGO5p/K15aiDxUHHuYMHzDqzLTzXEIblSuYqM3wTOPsTkNdwUhk8nUv3mq1FuBFO2V1N7yfuKjezwx22uxKk2MZIi1qarzGmKrbzFAmB9mVrVRylonHWpWD78REqBGfvNG5VmzqoToQYEi+waaSXVQdNP7iaNqfmJmVeogNcmr5nPi1UqjYZjbZ8ysLoju6jZUEj2zz3APoXhllI101jcqgPcJdYZLKCS4CxYDE3jf0qD1DUzWI/mV8QZcR148Zl61TL6q7TNQx4hWuv4giOPMMQzPxNQnMGpzCbsFD3WZfKtrK/QAAcrs2v8zJRYY6mHDCDXUTuhXRBLV1EXodHMKFicsrU2v5lozg6jTDIMuIRuWBTLmaS3GCLF3cIpLIdS7iAVRRubzJfVSkIFTUwtvTNmU6jrL8zZD/AFM+QeeJejQdeJvl1jMuig1fj7S3RMATKSrO5iyNY7l6UnvTLAl56jhVv5gmyK1RpdjHylvC9PDLgo4kM0P3Iz/cKerRRuTkM2kyfmH8xcO0z+bhn3UcTZmPU43HBGUy8dyiAUozM4G24KvlTmK2qriUApBVdXY2BpOOP8Qy6+geKjD1K+nJOrhlJfq+5iGc8ziC0OPBpc/xFhLf9wdKuEiRaxvmHRf4ITF2h201fc0a3KmGkIIELxguGbV4ivQmtwgQvylcWvU46fcvtB4YpbQwqeBuMJykrMNuKJQxLvMbGX9TkU4xmUbK8S0aLxKDBqCJZlqU9DdK3cFPApeX5lFWXgpjx1g6GUeNOCYYGkqcDqCUBKKrL54iMG67hHpm1xUt61fMCzBqmu4gWxtdROhR9mCxxY81EOyIxcg4P5SHRRhfX03U3Lj5+hF4YxojJS2BHZXncoBx/CUFfKZPF5q8v/J5nmUdy7+hruMIFviZAgbMYdRA1dzutTKBePqghJCsqltp7JVMYuEKPG2GLhYwNzV1qMNGPMospcdXDO42kAzEKgB2y6I1x8TqA5alFZfxGbJnovxLoRlzREsNq3zGxxpmAwtZcbms8+pTofaIMQoLAyas6gNUldw6MAxq4UXLDqri2HtD/XBQU8jiZsHqG2bhQ0rF4R7muTOE8MdjTuPAUFUxjPhzeyPlKuPiIoYZSsc2Yl1YWH9Ri8k97/MXK+KnFNT6W/dkmAMGn1ANVpg/S/HzKnMz1Gi10Fsoxbq+OAimhVRtpoqochxKEHBBBcVfl/tCXiC5VQzD6cxnaEsxnHJBTgitpMupXeK1eFgUSQiOo/FTbv8AUCJD+INkLxcsVs5JmuyswijplKbuZOHHb5hVscwuWII/SMPVXLlVpEB16lACYs/aXjRmGXu/3DDS7jdq+Jvv5JcMUe44ZH2gLde415Y8TMlWalYrMwS5jt2ViWD0O4BAs1WZcyxYIrZRWGm4ntH/AIzNQLRWoBUZzUvnQJW8pceg5XnEVC1w+Y6QAKeaNzaY3QNuRlg3HyeY7NmL6bnGQUYwlxLS8y+fMuiM2a/+Mo0v5JZhlcwWUzKvXOSEUbSKXDUW9KF3yDr8zFy30G/UJohDcEZ/qCAjRairaiaAodSoKFihoVAra2trm5u+4TXLCtQ0Qy4hXUf35FpGwj9EFw7FRP6BOICZO5VSHoCK01lm6xUC9XBHBKyplbVxK6r4xBaxfdQBqk9z4jh/UrVFW7lW3ZqE8H2j7P1xCGQPxC+dYO0AflVxK6HWhn47htLqOK5gWtinHuJO5YdxhduK4jAHNc8HcAao0yCgPxDIANMStn/kRq0Lf/IZGbjVhcpq+Ue2Lh04dxckTlys/wBPiUAwBGqcTnx9Lxi5li0Z+8Sn5/4RODMyl1hiAjBbEFGl6gq1qG6gABiM59/V0b+0OJxCVnEuOOT2lSXcbP8AHMpaSUAQKMZe5s5iwMAEsgA+0LuiJqiVjubC7V1EYQTvhhLgeKg6MTBTPUxcMpKxCpVZhasS91LG3EEMuIA4iQUc8w28MwtSwZhXUQ8+o7v8IGQPMU2bisG3rdRgpJl/cHUIVPgw1iV21qBma+TZNnGF4SJyVw2tVE5yjK8yjvG1XXMQwmo7V4yXFNM4X1DFIKOXxxLBkXTyZP5PmK267rphgNtmZoxONai37mWNU61LreDRDlMQqWk6goXvEqzpUxAUgSzFbtsHy/8AE2FRrMNSuZknv6XiPQWKvuOjoPUrWJbWFlXjNXM1auUtz7i4VjdkVj+YAp3uvqblm6iFOT3NYTEQVpcz5XYili0cpLQouLhBa1yyuDmYeIY9QI1uBuXH2i917WDqDEL1O/nmpVdZuHr7w2XqAiPENq/Kozh3xBtWjNsvzoUEFJ1bb5GGIRRsEmXbTaPGJo/1PL0/EbFDY1E0L5qUmLy51D0H9whhpiBEtVyvgxAxjcRSgjW8Qvt0Bc3HCmKdfI1Bvr+oyzuX4h6xqj3AqqudwVRq5icKlFVcoAjV5bmJPwn3FWN13j8WZiL1drI/ZIvUMk+8DMrGeJS6S55I6TGQIsZi7I2qYilqH3LLrmOgVnxCYMN+jqHmzmFiC+0CtfG4RsDyQTOfnETqVruWFDMva4hB48RCywJ2fMEFPmAcXmDtAFVfVy1WHBHZuQZnEvSAaxKcpHmZ5IALqOCFcjHAu5tVBGCQJzcxpjMcyMv2V4uJVLsx8KuSLlFOWLWtVdzYpH8kYbYr+9QY8xQQaMrHsOG0ZgUwiQGsEFE2zYc1BDPueohUADVe2CjdXyIN/iZNuvwuPn6NQrLtKKqviGAnqZxEBwVGxrzNIgHMB9LsXFV/C9TfpbLeSw/E24gWfR1PcaukFsW1Eru5nqNlmH9CIM9+Y6abeZnfzDtljALkAoh3LLKVeXLxAgzEuWKCnqGpFdSoD7yuu5WR0QG1jtY1sUMHGGBHQhpLIWUHZl3Eqr5l1UXeIJAQatTEFHUwayYh0O4+c7KuM2NV+OI4dnmXuDuIwtVAO1HBpSmCFZs6mFZD+o5ui68QOoVX90O1gllOdy4UOEsjMHdzNucjM9f/AFMkCiYGDNxs0Zh6QmTXMt1nov8AKL7jHPzOBWMQhCxCwlYFl5qWWbxFmMAhzzC4k9kINLrwFYrCildXwfFMMYIc5frzVYlDLY3wzNq8VFdlLWYhaogBT4hFrMwLuDis+5cQiWe4JUBM3DHL+2hi/O1CNCsOLuXwp8xjNEGtcZICD4hAJPRW4Cqy1G827irbUvvcuW8RkDdYrqZru+YAoXzARSpUy5gN1qvMA1O4WsTfUrSRxTQYC1VqxTGSH7TA7lrbpMnwGYuBF6YY026PPczyzLI2jRMJnbcnBL1bdO4NKzG1XjM0nhx4lkh3SxAbyCH3lGbxDarUsAd7uqgQ1MFZcXhPcaNaAq8wyfPt7huOJdcxeDcMCA0YHuNUBSh9xMseYdhzWJWwbktjra0uWv6zqUgdrw24ff5wsZpsg54mblZiuJGl/uUd/wBTAW9AqPSoWze7xFY6joMEzy5gUImClvUEtxlakGtcTNtpixXJJvO1VywFMV94CqiS69Rky7z5hMUj9xbGW/iOKbzBQvqpZv4ZWbjWYF/ImlrXhiCEszmL0o8MAFkWEWzTKrERpeGYBauKzQ8BRDh6hBRqAQZepYHZsYkesxTVRvT9EpSq6oSzGOzCwa+Y3HGBSJsmRpq4FACqLiy18QNOr3mBBN2vKApVYUVTM/RMUS5F38RDADXM5yFr0pP4iDENniAM6F9y8QLMQqS8yvmoOAaqfeiJsLNRqF5KgQW0fdmKxswvrEtonVpbPj7tiU9DUyADzBrumDQNnDBpspMsIhsxL4iqTfZVQouzA/ap5Sbz3PgIsc1EBmmOzH4gCQAs2eJmYyejkwB8gtCjoxiFwWzcYkNivMwg1VQguOmKZ4g9yzP7omhRldvLL+lQAe0rFW9OLmhbuICkF8MxBKgjSX1KKh7j8TZLov4mmqT+ZlfbHV9koU0axUtsGRxHgXLEDCj5ZUOrQ8URDQqhzFxdFltN3ERCEoAefzGxb7SF1+GXrF5BEdfozLtQHwZlrDC1R4X/AJCpKHs8fiIWge3/AFFryiaqTydxxQmi6RO0LDir4jsCHCTCXKcNXEGO5UN1cFWkAleCRbQ2BL6jAEKKLiHmaemLUQUNf0k4Fq7Q2WW/m5VdDq6or/sOW8/EozebTxczJtv4idk5lvfEVSku3NVFhRD0gYZe2q8EqDQYlwBmARkWruULf21M0/KiGh/PBACaEh0Z9+5QZ11GF/qFZ6+hX2jpOW491pZGrDND/wBRjmiVKwS5xlGH96itTjHuFWYxxWTqWTWmbFzUuE+Y+RvmoDuWJ9JhAHbuYmBsvNQ5qCiKIdri4I0eUOWn3G/ADAv+Sh/2WOMesStZGvMoaCPRzHip1uVDgPqGgp7TDBIR1leEgUDZ4unkOnqMIe+h/EQoq25X8hnRjpTg7nF4xHBEAC5Q1VDUQFcoxNu1/ENCxHQrfkU+ZbulZ0bvTVLKuxywF087mSLgsCpepTZV9ph2Cg66Yk/WK2sWCWs1CPXMFcwAeICSkyl0pO24FukzTmoNQD4im/lhMvDniJSmngjpYR44lot6nSMxmL7zuA+HEbniaCJoZ2twSF1ZAKU7sit2thmWq3lmYXhi5tiC25SP5YqfMTVguuogm3UqFTgdQItVPMoGyn3NQ+hhxuHW41grcqt7lf8As9H01G6mt7hXARuqLS4K2y/d7ED4mVqis3guO69HxFBowJzjz6UYQFA18uR+LPiAvgZNS6KL8QHB9TZ5jGunlDeabMQ6g3LoJSD4HMAGaCj+o9Q5XnkD2jylMaBgVhdKycFcwyGV46Rttm2EMa94bsmBRzLnVNCUo4ZWfaUlIuLBfLAKrRMyXLAEJFWIHTLyxIhRoEVVfIl63V1EFQPF7ZeUujiOxfM2qObquoi5cwBk3uHwox1AqJs4loBcYj0ZO4AyPTxCHEdKvMzuRlgjp5g0motCo4vP2iNAVqFaAWASgDa5uHouyoEetVsMFC2D6MV/P1TPMLxBuXbENGqMLBoWNhquIgxM/WRBFfMqR+pZmVGL2NROyFnyMNllu+6hShluLtQQWUu1RX0WW3XDGaRVgdmrt6i6oWnxgPvcs5Lx6if0ca5Wjz9hQT1/DkOHsbPiHrnItUwQgeKKWinXMJ0ra44yhXccnHGpeevpXh1AdzgoImbIlb4JV2Fl9RxpiheuDcLpwxh0Q9gYggftEozWMRsVzDFLTxDxcQ8kv2IlO7YlMkvKH+Jb0ZghUzQSNEx+IeXR94GSlbjmVfMGKW8xJTZBY4uWXHMZNm3SREtXyzCeQVc4XnErqFTZf19R1OX33BFC8BW5YGJw4ZaKpHh59kyozk8/I6hzcxQ+LGiOAXKDVBqCw8ePJLpIwd1HGaCI4Aj3I1MtbfcK6WbRna8QqO1PLifzTC5Grv56YLj1rsK+5K72YGX+KMCltr6n77UpVGYs0aYLTGIZVeiYy8xMqr5lKy18XF1MvtFKXunEoaGw6IcFl5nXNajCpwHRFytvARVBe+peNTfMIlrjGYuM/Nw2oNqrmKA5tlsvGYPEyuFqMSUPDUuLbrUvl+ZsFwxh7gIAIvuiF1DG04DxLcs8OI5bXDiYR6gCdYhlRyPuVU8EdXGdzEvV7nxEuNgXCZUQOYULG65UN9xYH9E5mM+3a0+JwglrM4B/MWX/ABaUL8IlymaYczJQ10S6IsVLmt6QS1aFHmNjsepRykl4Zoyz4Gn5JTLjGZUWNYDLjybVf9QzO4WwnCfEKMKL85iV15FBEFU1BapbNttjN8EeH0aRmNUfSFE6CgQk3k5gogrbl4mt51LEek8Q9qPMdhJEIATENaIDFiJsqYmRPE0QpKwMLEAwAzLx8wRROaLhLyy+HSjcCAaThiaOPcWguO2JjBwrHzVyKlURHJo9wI8AjwzHJwExzufiVOa5mOJxOGNqkTh1BaYgk+yDFsFa7TJvRrQ5HuHQhy6LqC9uj9zm9X5SxLkISG6beomhfcn5OpYTjCZAVW2X4VUQDIKdcoR94ao5T7MfE/czhhWW2mlFXhB8wzFFXOT5ULfSTAsHxFqVqqYhGLt7xlFZSJkm5KHc22sRX0aQcC+0EW86mUdEfk1inqXF61wIbThpCdga5l9C+IWKblVXR5oYcYDVwgMPELYUwwG5fTChlhzuIINXMV3jqPbFCVjW2ZgW3UyoCddwUBUD7w1ux6ZXgrKUW/5LIGpyeo0JVhIVeDXmcrqOz1K+/mX3Udz4+nEVMqrcs5vccxxWgL6Sz+o+JHCXn/ngcp1iWlp5yCr+dxgcXGj3+1HO6MS7xZl10ADKV7Ssf2jltftmW21TIUAOc1CdUi4MTXhK+Uc+q0Dh4fvKA5Uenf3iKccS1Arbm4u1qeHpDuhF0hYw1xVQz8dQLsIBA2Q0JcroLzzyzIiYgb0x9KW/TmAcAGHiYV7ZhQviM43/ABQBRSMvc7W5lXTPMYeVuPr8xRt4QigTHiVWSDNrzCClgKDiYdSlV1qZlYINKzLlGXlDpwo5nBOFxH0eGOeZbDrRyf8AYgQ9VwytGz2SgaNnDDIGp2XM8CDoLGY2b5kF0T8I+j7z9Nmozfmc3ucKBN6llHuBtkvJ3KzCY2MM5QRF+4FFG5QGvCf4PaAgblgcA47i4tTUaq1GCGtRW0NDWXk5MvkAeJMp95oFNJw5vy/BEMoGzsYCTijxmvkYi8xafDLetSF8CHSKvCxHizOTUX2l4LlCW4gZmB3nENqWsEsXfr6YPfzKFjh9IRdbiLZ5jqIoLHDGPtrKlmTAcsvQLdwOpTthCNHMTdCnewYl3rgyeeoaqRZao2mhFRC4kGCSzZNOseYt1MWH2lDdDtjKLwkry+DxHTrzCCVLBho0SywHFPEBcjQ7izYN6/5HAWl51KcAxqIUQXiGAUc48xFFXVE6+nX0Me5dnBL6nrmAXx9BCtBmKZCAOpQ8Qmv2+YaDYr72Km31FuWGCBq2+pZLtcEtNtXDZXONtvwxmJ+63sJlYcTbuFv4wfFy4qjbBr4GYGAUo6e/hqCxVY8mj4YriYrR6hHK69FFvS+DvLoTvIMJ5G56Qo6zMPUPIRgvuBHA5cMNsyQ4m3Uu7g3DdEFPf6nDEXaDB8U6l0ImbiBc2OSZnXaJdU1bzB3sLlUrLbNoa7YiaAlYuAmhsuODg2SXqOvmCFgeNwPl7uUnB5uLkByjKLfCM1H0zBTcs9KPMMmZrENrAtn8wUxEILhBZwJXBBA2Pk1M4ceIqiJi5gjYh+YMHqpVa1HDP3Nbl+Lg3xicTc/KbTn/AJG7ucs46lEX/LiS6pJhAo5zxOyjBCTNAUuo2tPBCAxVnQH8peoVvY/7IQEVM8Suj/kUEIYwJR4VffzmQAAPuBhc18ft+kTXdqqTk0xVC+RSdJ5vN+IQlWSjNPChOGfiGGWZP7l61My5SAyVsicaTYph5C1UxXjE9QaqbtxVUuWBBe8xpVELRXoJbsdKgihddwTf/UAjCXAb5iNZ/UFqBbqa6bg3E1t5bYEmzJfUuZdZ49RJCAC6uBhbwJYn2RhQ/MZKNcgxrgQI3AnrdozCyqpmJGjdMba0V1CEedjNVqt2QyK9OMKDr28TIuM5MxRg4OSKg1qL5hz/ABNvmYhK1U5mfpz5hdm4v3lbm0/oJTeYllA7zc1tF1/5FlrOXzFiMpcsBkTFvb/5+0A+DB4QoUg+WoZyJUYqsF2DY+UDBL8gibrwlDwyxSFwjydMYWL1f4VM8Kf9iXGo6CtY8OBXAUIrIAKy0X1TRwkELmJCWFEc5w9Q3gdvuZFNkOlK+7gCqzLDp+8UtduUvs1WW5SUY8x7/aogvFRMAfDLoOfmMLtXqJaS+U3HeBe5Rh8kZUGhAK5THuMWimqkx+HXcMiQ5igoitCyMsoDDXUBx7mYBcfB4Zw4OHs9wiqEK9zK+1bzK+opl6XgOpgDkxfmXNlKulPYVmoWZh195gekzW6vxDJVQMmZ1O4MNfTqG4XmViNztonBP8Yj7JlAQuXmK45/ghrwBlZT5t/g5UMB21z7u46RaDcV0HCYC+LzBLqViTSbDn+VvLxNf9SXo2PqPcE94dP9z0DOXY8MLP4M0AB9ZyekB/QwjOtoBx6djqYLYButQ7oOy1RnmVmJWsG1uG6KBnhHIrDl4mdntOyO4oamjEpqVlCWllx5gRKvPiOwy8xi0tKrmWTOeIXCUlAnWAC5luhvzEUqHMIVu/UpRdJeJqFW+NRWMsQ/hEosrTw/EdpKK2BgKRYmSkFVauNYMBmVJa/1LjhcS3Gs3G1GAmZarIZ4llmtH7MVhTZK1CNipKOz7zmxa6l2VLnYJeiancuOfUWmsRaa/wDUFt/4SHtilkuLnkfM2hN/gDsmH4VU+kPMW7Dl8QTSjMdI5gMLz5g1pvqCXZcXO8CxKV7MQWxmYvS3ky+HmLh3Gz5Rvej56jSUabM+nyQl0LnUyTl1B5v2Q32ngTylJtGx6TmCiJ4jCXRKDQPEQwbYmpHzABjE0BTU8buNeT5gz+plp/7KFQOGBQLXFVuVJzPtLYgQwcrAtsLiCdMfeXcuOyUUs3QO5QCBqDFMQNpeOJcERvMsNr2iBbQILsQnUBJWGEWs8cMXDK1hzH1XdDcDZ6hji7NHcounxK21emX51z5jmZR9rleEug+iqt78TZv8QfczdbeAixMBxBtGXOfiXj1NaWX5+0y4fiYzOZ655lxKW2nmDI3qXS2k4QG72mquZ11LaPX4mdZMB2zMolV1GGZ/pwnVsNfxB8cyxx/BFW8GXw8Q9boKuBvyaYYWVwndygz/AKLIWYoCjkI6TxAsDbT/AD4j7i1WR2HVktmHID+HhhDYkffg1HWDK6YOLlJiUcEGNxKIFHMXMV1cqs/qIDyNXzG4WiW+IyM9TohCVavEV49muJS3hu4Z4kqD6PcvKOWUNyq6gsGa6mbqPsS5uNAEcTyRdpODU3G9uIqUNOojnEuudoV6h7jPELSd/abQu7ruKDFBArjMuxrCy6O/pq4kYUDdviZ1UJo3FovDsgoU0S9U3FiDepWbjEwN8Hv3GZiVVdrEedfiHJfI0O2EA/UgH9wSoADRAQobt1L41gHb+4GC4B5Rx6S3AAMBAYxU818TBMbhXm4L1EFdWPtKPCniLDxPLmGJZSYcJW5nCuqN/wDL8Q0ZNjsi4Iq8LSPCMMGggVg3+h62Y1fFQlgZiec9RCNP1MYKlBL6mVTW+YuPolRVWWIB+SuO4PKMWrdLzAVs4jLXHE0EbGOa05qAxWJ3FgYNMd6bJktccTMxaYGahzMbJx1L1aha5eYgRR4YwB7eRLINoY/3cL4c5g4ruMvQBUdgbRZXDNdV6xL+gD9zEGI5rPzPv7nHmc0y9alhFO8TDAkGAHQwHGQoeIOCqqG6WW+fMFrw9p/3EK5VatrzHtdTgKY4DtiiAhiyuz/VADnoNB1MYK50xwpFsZadjWF9rxD6B0vbyvz9DqVi9QBMzgWIzQDSFicj44jwocPcr1lO/SV7kghpO4Nh9Rm2X/PEdGY8p89QfjemUrgNEC/krSHI9zLkUajsHHL5DGCqipexP4jXDLEc0wykscxqAgArnuVe6lVcX7TcubqxcU3XfcRvarIY5qIf8fM3rJxKC1uvUWhWHcIlQ38y/CnmFTCrMLFENiBV2zIsUyE6Df5Y7OTLT4Y1fgwwlqc/kdQ3e2Ke4LTy/EQW67DqErExOJmly9ylvCOY2hr5mR/f0rcajq8VNHfglQxkl/mPiLRs/ZgnPUqFQDNx8U17fBFF3bm/MS7XHmA9hF6Hb4ijBtWf7P1AnhoSNYsE8QEayz4dxyKpT7PH3mEoB6jpFzlvmIO2Vljpu6uLid8W3maSoagDCjInAaRgblGLStDodJy9ykbYqJ4xcfx0DjvTiGWtCXXT0cm9tSwodf7/ALCP8UxRrOx8w9LyoX04/wBI7FqoSfQ7Dhimz5hNylTPSV4geGOK7lCbVqoNeKN57luaAtPMCfaUMQP0wC65IVaF5ZV9JnjQxBUXUIIN9kQN25mRuIDocLER1mphC5znmABZ0zGBIVOBjQPyS4AOHxMTmaqMBVZXncAGFluWcA5lCnP3MxlWXEus3vj6V3UW9TNMsK8rBd4SKti+YuQTruZhXw6lS4PuzNDqYfaAstBxEo8OoAAeTsDzCVrpaZcA7nQD8xoLG5yaFAGvLKwDanYdsAV10B5HcW3R68S6ay/mUQzAtzUShXOYnmyXjMKGA1jcUMVjW/zrklnl1XIOEeRMrk8yuRdZ6ZdPg86/GkaCwksRzVcPfLjqF2PNZHSdniKGw5TdQSiKiwBg/wA/osxK6GCHpBj8xzLVuKjG2Jds1AyMqUYTRq7ihaDzFatio9R4P+IjOSCQpuA58FSvqze48VeYCeeHqUUVDkgqWK65hsZVSyVKgGcNsQCtI2rEQ8jR+0Gk0VbSaqJfn9teJi6SgLaiXsWXfctcyhYqvTjNSnVgcvREAuuY29Zpb3ua1GoY3D3Nx8mNZZQ/EcDzAWrTXeal8RVVXB7i/r5ePQnXa9SrBddTMY53weImZCWq/wCEFYNCYCVzbLnRSueElOa8/wBRRevYd9dIWBKzitTOLbAiOsXpilt2fEvWh1HB34jP9qNBXUvmLjBiLwE267e1P2cxbsotKP5/CZIUXTnEB1gks8H9fO4fewLR5f8AO5gimmlfD1+mFbsZXi/UIq9vfAWfMfNwcMXQC8Oz4uwiAcOgNj8zBRuU2jvE3hFuzEPBuuEoZy2/uXTe2IpQHmZTcxD0Zkhm7qUAYGCP8ICGtMIRTgYJ8jxxBqS413WXxEUcdkqbA2yUAEWzqVFRshKNllfEuj5LlGWjefEQaGsTCOV29wGW+JYOaAvzmP7MXHzmXncZ4S8MKFjcq72/ExD9yRK+5XmJBhVWvcU27MOV9Hcq5EdHn+kVwUBgBoiomF9S0uz/AF6mSwwHK/qWYgY16vEBkAAMAio/24WdYzqDimq5iKC1jUSvJxOawLMBRU/ep1bMCDxHG8vEpXAdoLS9dcPUWtTXSjfz+9xaNZvZcbOPzi88L8O5RtoW8B7y57fwkt5AKIicU5Hw5gZVF0m4Dzi2IjHIo3np2W3/AEIoNoZZd6/TZ1Groo0bhpqGB3HTHJKg+Sol0GBpY8qygmCqy8RCwmKimKagiq/eNaT5l7rrMHkdVACwLl5GVzApggwWxvHUB20ECtAw+ZmSJgR3MwKqrqLFWy9y0/B9jF1j8szCkeokOaxcsMoq/m5fN0R4v4i5irBGNQPNlEFfDdX/AFL/AHyceo3rqbvBDlA4IIU+a4D2uP3BBe5+CP53FsZum7vc2qHxdyvlI46vmf7MuepxTI/0rzAkOGoEzzvcFbi0/wBo2JuvEbGwwrmC/cqubnNyhb+1y+py1iGuya/RYKrG1gNePp2MdKWGHhnXp0yzkV2RGwwsV/T0fvc1wWLm+wefs8TT2+Bb236c+5ZSPkEUufbP1Bz27Gf5WvZnzBVPXZ/g/X3y8g2EVTvpPSzIs9VFCrzUBBcz5ijAN9jPmVnrITjBpTcZg0VcQUpdXEg2L8ylBMRfqEI05lgKYxAwGm76mkZj4hjIb+0db9N3fiMab4nRh+YUKrbVMbFZkDUqQtnGpnVOkgUoCTbq3TEBfH8zGjo/UHNRQaZ55yUiakMGL49yyPodPiNAwSlquZXhiB4EA/uJ/XP6RweZ2dhN+S8zBzLprVu+IqI5niFjt7b8j0Q8WNphpwHH7QXPVgAcQMFV8x7NxVuz3FZ4Y1HkyY4i5l0zcw+5ziDjxA7i/aG8/MfMGxaN5hezUJ4dQ/8AIa+1RrQsbblDfJ52aYVQqadNjAZJs0nSaSO8As/yW58b6jijLRsnSaeMvMCV2wR6TklXlbgbgTEanEvQGz+zyvIkRb7AmfAWfB9xwzbAp0HD+IJdg/MPv/RAXKc2dy6yd8wvRXH/AJLt4qfEEt3k5ga3OZlN3M2qEmgti5gpeNfuCwiBhzr3Gvdq9RXLarj0o5DUXL3EBDxS1BaxU2rJji3wmCEhjNerXcVWVHFfM7llcQ9RdDb7S7ovk+05VxlwfEZQMRoWsc6feGUTguvbxDnIqD9x6IOXIaE8P5Ztd35upRxBXCZXEsWXwi79Ia1GwM+75hkqje9b6PEAosIMURXVsu7XMZbd+JZnnhlVdfuXj1LCjPmc4+ID4lZz3G0b3HJn8zjMdZqBwjAxV6zKFQQ6NurvPD+HmVxa8OfEcvw8QINMWceE4Yxjim+qhhlYDkP2PO5WxWOCe+TwzHFL2B/jdpaFtqrs+emYknjafE2R6ogk3dvgRw/MMS4yvl5Xl8VAqdcGI/A/DDxf4BLi7B4IgKPKKWKu1gaxAGTdk0M4Jtlylc7MZldlj9xsasqjnkilJ95YeLY9Oq/+RVVwks11FF5fOKi21xSXEwdNLCqtm1tMQJhSV+J62M1iN1hZlWWotUOoi1wIrRiXaHB+Yh5O2W19uCBbwi/fgNqZWP8A2bSvUveJuXyWYoSys6PJl653vPofzERsweRdvbFoDdXojotfxuZJwyibIl2Wh1G6zXVxO/C63HHiOhX4nEcPcSbHub/24L7nHzFdE3HxtgqZlY8QbcY0ekYVq5dtXN3Tyz1FCSqcFvIXz4cx1T7pyWBM+8/mPFJp8f4ajBywBPpr5S5Emac/Ox8XFLWIjdeziGW5eWGICnLv+ISrL3UPAXm/A2Qstq7ZLziz8RltHFA/x1Kq83iwfYZofF2QfME5HHUppgeKgUVTfmNCALVVAIm+IybBsgqVbuuJRnjr3LpaNcRyK8XCoaA09zSoWnjxMiAlRLErf9RvUo+Jn/FcRqrysWyvQJdF/licYeo9jFytRU90j7hYhcO0afZ/EBhGsQ/ngSb9L/2PlqKuNMTnfJqMGQTb+CV8QWrleCG7y3UAdv4mHSg2vXQi2L5z6m802x3xcV32xw/1E158My8M1fpnW6eYV3NfQzcqoNUa6hriGdRNeJl1U9kukriXvzG7sl6rcKoHVyvFf/UD4do+A/ypgbkxwfY4hQRCq5j6B4sz6QeDUZxfHv4lwCmuH5P5mYt5ur4ZfIRS1oqu9O33lKI5T96gKlnppmds7OZfSr6hlBT6uAj3XNyI8Z+Sfnhf90u1uVR/NwKIVyN+4ULdxlzC5MUK7hTG0q72f8TJCP8AvBAFpntKADf85T7yhXrFESLLOVzMKpqI6zBVV0+48W5Saxyse5urb/ENCU1leub3G9iSkfIwRvXSegbvmEj6x0PgjWdVFgOZgcK58RpKnk09sq3q3V0PiZmOEy3g5RYKDl9/pNJ3zo+e47OP7iVxuckNKcniZs4iGkLxxAij+Y13HijWTOorrcFIo+Jk4uPH4lfqe5xOjqXncduAl9XHxcDOJxD3UurRpMZIE46KB5GbbQvxZNerEqS2Lu3lOvJcG8BJZ6YRwbRioCJ5vA8bfe5WF/ew+HTAOg7sCQgKYQCvlj9RnigqntWvxFr1CyF8XQMu0FD+M/iVDPYy/My2MHuciHiASnV+0dQRbWV6YNsC+JhlHcEGiah8mUZAsrYAHxKGyvxL4H5ghoe2Wh6Tr8SketQfMH73tP8ACgRdhxD2fzwG0dg/Bl+8zsTIsva5iETbzMDsyzcybmUoloSfoH3EQ6clI8IGmz8vE58OW33dxWvsuh6cRbXbHBdfaPPEw5zFxHG+J6bjyt2biXl+WXw+JdY+/mDrz5iD2eZxn4l4jv3ODucficuMT1qL9oN/1Nzll5BnuLLLg3N6+cXFDpoNq8tj6Y0dZQWnQuPkEACOMtP7V5LI98Xh/wAgDIUwYUH/AILr4lf/AIDjZ+Y5tTWT7bgFAu7xESp/2FJe0P6iK/mWKdz94JPxL5CXsr7BS3spx+1ciQXXZ/igjTf+LJK+P8CwxRyezEnI/FFKG9Wn8PP7Mrq7mpUGumOn9InaXtv81EpwAFk9YuUoYaj8KKD5hkF5bvnLGxZZvP5a/EKhDhD8Qs931OQrcW8/mZ9/xFE64fwEsaZxt+0OtfkHR8QgAzh9DwRtuValeX+iOLpbrBPXPzCgMSgKCJheDEc9b6mvXmJirji6XJFLA1xMA0qZFY/cwDRfzK7Z7uN0FGc3ChR9yuRhTn8zj7juMtvcNXOUFupeoGWf3HRNmP7Qh/UNQXHqcTYhhXHaT07PiXXxl/BfnfzG0BVoF/aOF9R7cxU3aVo037ikWCiq/fcCjEF5Rcvqd8faFCyemal4qn7TqY/xqPZ2OAiQ0vgfpmdAWYqHawOBD/LMvSQImH8QirRt6AAhLuarz3EhIBsTYNXLUqt3fmXr6L1Ll78xoYxuGpHFlPxAFVmtwCbDcsFFy3tMzn0GUG+tQBRsAAfH0bBxMFXDHfzMcGpwlbluz6NXqcEdIv8Acf6hp5I1Mz//2Q==', '2024-04-14 06:58:21.850999', 66, 'in fermentum et sollicitudin ac orci');
INSERT INTO `tbl_profile` (`id`, `name`, `location`, `photo`, `timestamp`, `account_fkid`, `bio`) VALUES
(43, 'User#09537383', '', '', '2024-04-15 15:41:06.758465', 73, '');

-- --------------------------------------------------------

--
-- Table structure for table `tbl_queries`
--

CREATE TABLE `tbl_queries` (
  `id` int(11) NOT NULL,
  `sender` varchar(255) NOT NULL,
  `subject` varchar(10000) NOT NULL,
  `content` mediumtext NOT NULL,
  `query_status` varchar(100) NOT NULL,
  `created_at` datetime DEFAULT current_timestamp()
) ENGINE=InnoDB DEFAULT CHARSET=utf8mb4 COLLATE=utf8mb4_general_ci;

--
-- Dumping data for table `tbl_queries`
--

INSERT INTO `tbl_queries` (`id`, `sender`, `subject`, `content`, `query_status`, `created_at`) VALUES
(1, 'malaluanofficial7@gmail.com', 'Request to create new account', 'lorem ipsum dolor', 'unread', '2024-03-22 10:51:28');

-- --------------------------------------------------------

--
-- Table structure for table `tbl_role`
--

CREATE TABLE `tbl_role` (
  `id` int(11) NOT NULL,
  `role` varchar(255) NOT NULL
) ENGINE=InnoDB DEFAULT CHARSET=utf8mb4 COLLATE=utf8mb4_general_ci;

--
-- Dumping data for table `tbl_role`
--

INSERT INTO `tbl_role` (`id`, `role`) VALUES
(1, 'admin'),
(2, 'startup'),
(3, 'partner');

-- --------------------------------------------------------

--
-- Table structure for table `tbl_service`
--

CREATE TABLE `tbl_service` (
  `id` int(255) NOT NULL,
  `name_of_service` varchar(255) NOT NULL,
  `description` varchar(8000) NOT NULL,
  `profile_fkid` int(255) NOT NULL
) ENGINE=InnoDB DEFAULT CHARSET=utf8mb4 COLLATE=utf8mb4_general_ci;

-- --------------------------------------------------------

--
-- Table structure for table `tbl_startup_info`
--

CREATE TABLE `tbl_startup_info` (
  `id` int(255) NOT NULL,
  `name` varchar(255) NOT NULL,
  `description` varchar(8000) NOT NULL,
  `link` varchar(255) NOT NULL,
  `profile_fkid` int(255) NOT NULL,
  `title` varchar(5000) NOT NULL
) ENGINE=InnoDB DEFAULT CHARSET=utf8mb4 COLLATE=utf8mb4_general_ci;

--
-- Dumping data for table `tbl_startup_info`
--

INSERT INTO `tbl_startup_info` (`id`, `name`, `description`, `link`, `profile_fkid`, `title`) VALUES
(9, 'User#02991936', 'Mock Description', '', 31, 'Mock');

--
-- Indexes for dumped tables
--

--
-- Indexes for table `tbl_account`
--
ALTER TABLE `tbl_account`
  ADD PRIMARY KEY (`id`),
  ADD KEY `role_fkid` (`role_fkid`);

--
-- Indexes for table `tbl_comment`
--
ALTER TABLE `tbl_comment`
  ADD PRIMARY KEY (`id`),
  ADD KEY `tbl_comment_ibfk_1` (`community_post_fkid`),
  ADD KEY `tbl_comment_ibfk_2` (`account_fkid`),
  ADD KEY `tbl_comment_ibfk_3` (`profile_fkid`);

--
-- Indexes for table `tbl_community_post`
--
ALTER TABLE `tbl_community_post`
  ADD PRIMARY KEY (`id`),
  ADD KEY `tbl_community_post_ibfk_1` (`account_fkid`),
  ADD KEY `tbl_community_post_ibfk_2` (`profile_fkid`);

--
-- Indexes for table `tbl_conversation`
--
ALTER TABLE `tbl_conversation`
  ADD PRIMARY KEY (`id`),
  ADD KEY `tbl_conversation_ibfk_1` (`message_fkid`);

--
-- Indexes for table `tbl_engagement`
--
ALTER TABLE `tbl_engagement`
  ADD PRIMARY KEY (`id`),
  ADD KEY `tbl_engagement_ibfk_1` (`community_post_fkid`),
  ADD KEY `tbl_engagement_ibfk_2` (`account_fkid`),
  ADD KEY `tbl_engagement_ibfk_3` (`profile_fkid`);

--
-- Indexes for table `tbl_gallery`
--
ALTER TABLE `tbl_gallery`
  ADD PRIMARY KEY (`id`),
  ADD KEY `tbl_gallery_ibfk_1` (`account_fkid`);

--
-- Indexes for table `tbl_home_content`
--
ALTER TABLE `tbl_home_content`
  ADD PRIMARY KEY (`id`),
  ADD KEY `tbl_home_content_ibfk_1` (`account_fkid`);

--
-- Indexes for table `tbl_log`
--
ALTER TABLE `tbl_log`
  ADD PRIMARY KEY (`id`);

--
-- Indexes for table `tbl_login_session`
--
ALTER TABLE `tbl_login_session`
  ADD PRIMARY KEY (`id`),
  ADD KEY `tbl_login_session_ibfk_1` (`account_fkid`);

--
-- Indexes for table `tbl_message`
--
ALTER TABLE `tbl_message`
  ADD PRIMARY KEY (`id`),
  ADD UNIQUE KEY `room` (`room`),
  ADD KEY `tbl_message_ibfk_1` (`account_fkid_1`),
  ADD KEY `tbl_message_ibfk_2` (`account_fkid_2`),
  ADD KEY `tbl_message_ibfk_3` (`profile_fkid_1`),
  ADD KEY `tbl_message_ibfk_4` (`profile_fkid_2`);

--
-- Indexes for table `tbl_profile`
--
ALTER TABLE `tbl_profile`
  ADD PRIMARY KEY (`id`),
  ADD KEY `tbl_profile_ibfk_1` (`account_fkid`);

--
-- Indexes for table `tbl_queries`
--
ALTER TABLE `tbl_queries`
  ADD PRIMARY KEY (`id`);

--
-- Indexes for table `tbl_role`
--
ALTER TABLE `tbl_role`
  ADD PRIMARY KEY (`id`);

--
-- Indexes for table `tbl_service`
--
ALTER TABLE `tbl_service`
  ADD PRIMARY KEY (`id`),
  ADD KEY `tbl_service_ibfk_1` (`profile_fkid`);

--
-- Indexes for table `tbl_startup_info`
--
ALTER TABLE `tbl_startup_info`
  ADD PRIMARY KEY (`id`),
  ADD KEY `tbl_startup_info_ibfk_1` (`profile_fkid`);

--
-- AUTO_INCREMENT for dumped tables
--

--
-- AUTO_INCREMENT for table `tbl_account`
--
ALTER TABLE `tbl_account`
  MODIFY `id` int(11) NOT NULL AUTO_INCREMENT, AUTO_INCREMENT=74;

--
-- AUTO_INCREMENT for table `tbl_comment`
--
ALTER TABLE `tbl_comment`
  MODIFY `id` int(11) NOT NULL AUTO_INCREMENT, AUTO_INCREMENT=19;

--
-- AUTO_INCREMENT for table `tbl_community_post`
--
ALTER TABLE `tbl_community_post`
  MODIFY `id` int(11) NOT NULL AUTO_INCREMENT, AUTO_INCREMENT=37;

--
-- AUTO_INCREMENT for table `tbl_conversation`
--
ALTER TABLE `tbl_conversation`
  MODIFY `id` int(11) NOT NULL AUTO_INCREMENT, AUTO_INCREMENT=3;

--
-- AUTO_INCREMENT for table `tbl_engagement`
--
ALTER TABLE `tbl_engagement`
  MODIFY `id` int(11) NOT NULL AUTO_INCREMENT, AUTO_INCREMENT=26;

--
-- AUTO_INCREMENT for table `tbl_gallery`
--
ALTER TABLE `tbl_gallery`
  MODIFY `id` int(11) NOT NULL AUTO_INCREMENT, AUTO_INCREMENT=2;

--
-- AUTO_INCREMENT for table `tbl_home_content`
--
ALTER TABLE `tbl_home_content`
  MODIFY `id` int(11) NOT NULL AUTO_INCREMENT, AUTO_INCREMENT=63;

--
-- AUTO_INCREMENT for table `tbl_log`
--
ALTER TABLE `tbl_log`
  MODIFY `id` int(11) NOT NULL AUTO_INCREMENT, AUTO_INCREMENT=18;

--
-- AUTO_INCREMENT for table `tbl_login_session`
--
ALTER TABLE `tbl_login_session`
  MODIFY `id` int(11) NOT NULL AUTO_INCREMENT, AUTO_INCREMENT=6;

--
-- AUTO_INCREMENT for table `tbl_message`
--
ALTER TABLE `tbl_message`
  MODIFY `id` int(11) NOT NULL AUTO_INCREMENT, AUTO_INCREMENT=4;

--
-- AUTO_INCREMENT for table `tbl_profile`
--
ALTER TABLE `tbl_profile`
  MODIFY `id` int(11) NOT NULL AUTO_INCREMENT, AUTO_INCREMENT=44;

--
-- AUTO_INCREMENT for table `tbl_queries`
--
ALTER TABLE `tbl_queries`
  MODIFY `id` int(11) NOT NULL AUTO_INCREMENT, AUTO_INCREMENT=2;

--
-- AUTO_INCREMENT for table `tbl_role`
--
ALTER TABLE `tbl_role`
  MODIFY `id` int(11) NOT NULL AUTO_INCREMENT, AUTO_INCREMENT=4;

--
-- AUTO_INCREMENT for table `tbl_service`
--
ALTER TABLE `tbl_service`
  MODIFY `id` int(255) NOT NULL AUTO_INCREMENT, AUTO_INCREMENT=2;

--
-- AUTO_INCREMENT for table `tbl_startup_info`
--
ALTER TABLE `tbl_startup_info`
  MODIFY `id` int(255) NOT NULL AUTO_INCREMENT, AUTO_INCREMENT=11;

--
-- Constraints for dumped tables
--

--
-- Constraints for table `tbl_account`
--
ALTER TABLE `tbl_account`
  ADD CONSTRAINT `tbl_account_ibfk_1` FOREIGN KEY (`role_fkid`) REFERENCES `tbl_role` (`id`);

--
-- Constraints for table `tbl_comment`
--
ALTER TABLE `tbl_comment`
  ADD CONSTRAINT `tbl_comment_ibfk_1` FOREIGN KEY (`community_post_fkid`) REFERENCES `tbl_community_post` (`id`) ON DELETE CASCADE,
  ADD CONSTRAINT `tbl_comment_ibfk_2` FOREIGN KEY (`account_fkid`) REFERENCES `tbl_account` (`id`) ON DELETE CASCADE,
  ADD CONSTRAINT `tbl_comment_ibfk_3` FOREIGN KEY (`profile_fkid`) REFERENCES `tbl_profile` (`id`) ON DELETE CASCADE;

--
-- Constraints for table `tbl_community_post`
--
ALTER TABLE `tbl_community_post`
  ADD CONSTRAINT `tbl_community_post_ibfk_1` FOREIGN KEY (`account_fkid`) REFERENCES `tbl_account` (`id`) ON DELETE CASCADE,
  ADD CONSTRAINT `tbl_community_post_ibfk_2` FOREIGN KEY (`profile_fkid`) REFERENCES `tbl_profile` (`id`) ON DELETE CASCADE;

--
-- Constraints for table `tbl_conversation`
--
ALTER TABLE `tbl_conversation`
  ADD CONSTRAINT `tbl_conversation_ibfk_1` FOREIGN KEY (`message_fkid`) REFERENCES `tbl_message` (`id`) ON DELETE CASCADE;

--
-- Constraints for table `tbl_engagement`
--
ALTER TABLE `tbl_engagement`
  ADD CONSTRAINT `tbl_engagement_ibfk_1` FOREIGN KEY (`community_post_fkid`) REFERENCES `tbl_community_post` (`id`) ON DELETE CASCADE,
  ADD CONSTRAINT `tbl_engagement_ibfk_2` FOREIGN KEY (`account_fkid`) REFERENCES `tbl_account` (`id`) ON DELETE CASCADE,
  ADD CONSTRAINT `tbl_engagement_ibfk_3` FOREIGN KEY (`profile_fkid`) REFERENCES `tbl_profile` (`id`) ON DELETE CASCADE;

--
-- Constraints for table `tbl_gallery`
--
ALTER TABLE `tbl_gallery`
  ADD CONSTRAINT `tbl_gallery_ibfk_1` FOREIGN KEY (`account_fkid`) REFERENCES `tbl_account` (`id`) ON DELETE CASCADE;

--
-- Constraints for table `tbl_home_content`
--
ALTER TABLE `tbl_home_content`
  ADD CONSTRAINT `tbl_home_content_ibfk_1` FOREIGN KEY (`account_fkid`) REFERENCES `tbl_account` (`id`) ON DELETE CASCADE;

--
-- Constraints for table `tbl_login_session`
--
ALTER TABLE `tbl_login_session`
  ADD CONSTRAINT `tbl_login_session_ibfk_1` FOREIGN KEY (`account_fkid`) REFERENCES `tbl_account` (`id`) ON DELETE CASCADE;

--
-- Constraints for table `tbl_message`
--
ALTER TABLE `tbl_message`
  ADD CONSTRAINT `tbl_message_ibfk_1` FOREIGN KEY (`account_fkid_1`) REFERENCES `tbl_account` (`id`) ON DELETE CASCADE,
  ADD CONSTRAINT `tbl_message_ibfk_2` FOREIGN KEY (`account_fkid_2`) REFERENCES `tbl_account` (`id`) ON DELETE CASCADE,
  ADD CONSTRAINT `tbl_message_ibfk_3` FOREIGN KEY (`profile_fkid_1`) REFERENCES `tbl_profile` (`id`) ON DELETE CASCADE,
  ADD CONSTRAINT `tbl_message_ibfk_4` FOREIGN KEY (`profile_fkid_2`) REFERENCES `tbl_profile` (`id`) ON DELETE CASCADE;

--
-- Constraints for table `tbl_profile`
--
ALTER TABLE `tbl_profile`
  ADD CONSTRAINT `tbl_profile_ibfk_1` FOREIGN KEY (`account_fkid`) REFERENCES `tbl_account` (`id`) ON DELETE CASCADE ON UPDATE CASCADE;

--
-- Constraints for table `tbl_service`
--
ALTER TABLE `tbl_service`
  ADD CONSTRAINT `tbl_service_ibfk_1` FOREIGN KEY (`profile_fkid`) REFERENCES `tbl_profile` (`id`) ON DELETE CASCADE;

--
-- Constraints for table `tbl_startup_info`
--
ALTER TABLE `tbl_startup_info`
  ADD CONSTRAINT `tbl_startup_info_ibfk_1` FOREIGN KEY (`profile_fkid`) REFERENCES `tbl_profile` (`id`) ON DELETE CASCADE ON UPDATE CASCADE;
COMMIT;

/*!40101 SET CHARACTER_SET_CLIENT=@OLD_CHARACTER_SET_CLIENT */;
/*!40101 SET CHARACTER_SET_RESULTS=@OLD_CHARACTER_SET_RESULTS */;
/*!40101 SET COLLATION_CONNECTION=@OLD_COLLATION_CONNECTION */;
